OH_Number,Session_Folder,Lesson_File,File_Index,Lesson_ID,Wistia_ID,Lesson_Title,Program,Chapter,Problem_Number
15,02-Office-Hours-15-May-28-2021,00-Lesson-24863026.md,0,Lesson-24863026,,Thermo 5,HVAC,Thermodynamics,5
15,02-Office-Hours-15-May-28-2021,01-Lesson-24863012.md,1,Lesson-24863012,,Thermo 8,HVAC,Thermodynamics,8
15,02-Office-Hours-15-May-28-2021,02-Lesson-24862997.md,2,Lesson-24862997,,Thermo 12,HVAC,Thermodynamics,12
15,02-Office-Hours-15-May-28-2021,03-Lesson-24863016.md,3,Lesson-24863016,,Thermo 21,HVAC,Thermodynamics,21
15,02-Office-Hours-15-May-28-2021,04-Lesson-24863024.md,4,Lesson-24863024,,Thermo 23,HVAC,Thermodynamics,23
15,02-Office-Hours-15-May-28-2021,05-Lesson-24862965.md,5,Lesson-24862965,,Fluids 10,HVAC,Fluids,10
15,02-Office-Hours-15-May-28-2021,06-Lesson-24863005.md,6,Lesson-24863005,,Psychrometrics  4,HVAC,Psychrometrics,4
15,02-Office-Hours-15-May-28-2021,07-Lesson-24863025.md,7,Lesson-24863025,,Heat Transfer 3,HVAC,Heat Transfer,3
15,02-Office-Hours-15-May-28-2021,08-Lesson-24862990.md,8,Lesson-24862990,,Heat Transfer 6,HVAC,Heat Transfer,6
15,02-Office-Hours-15-May-28-2021,09-Lesson-24863027.md,9,Lesson-24863027,,Heat Transfer 16,HVAC,Heat Transfer,16
15,02-Office-Hours-15-May-28-2021,10-Lesson-24862978.md,10,Lesson-24862978,,HVAC 4,HVAC,HVAC,4
15,02-Office-Hours-15-May-28-2021,11-Lesson-24863017.md,11,Lesson-24863017,,HVAC 6,HVAC,HVAC,6
15,02-Office-Hours-15-May-28-2021,12-Lesson-24862976.md,12,Lesson-24862976,,Systems 25,HVAC,Systems and Components,25
16,03-Office-Hours-16-June-18-2021,00-Lesson-25478229.md,0,Lesson-25478229,,1. FLUIDS-8,HVAC,Fluids,8
16,03-Office-Hours-16-June-18-2021,01-Lesson-25478294.md,1,Lesson-25478294,,2. FLUIDS-14,HVAC,Fluids,14
16,03-Office-Hours-16-June-18-2021,02-Lesson-25478291.md,2,Lesson-25478291,,3. FLUIDS-21,HVAC,Fluids,21
16,03-Office-Hours-16-June-18-2021,03-Lesson-25478228.md,3,Lesson-25478228,,4. FLUIDS-22,HVAC,Fluids,22
16,03-Office-Hours-16-June-18-2021,04-Lesson-25478293.md,4,Lesson-25478293,,5. FLUIDS-26,HVAC,Fluids,26
16,03-Office-Hours-16-June-18-2021,05-Lesson-25478233.md,5,Lesson-25478233,,6. HEAT_TRANSFER-10,HVAC,Heat Transfer,10
16,03-Office-Hours-16-June-18-2021,06-Lesson-25478240.md,6,Lesson-25478240,,7. HVAC-04,HVAC,HVAC,04
16,03-Office-Hours-16-June-18-2021,07-Lesson-25478295.md,7,Lesson-25478295,,8. SYSTEMS-19,HVAC,Systems and Components,19
16,03-Office-Hours-16-June-18-2021,08-Lesson-25478287.md,8,Lesson-25478287,,9. SYSTEMS-21,HVAC,Systems and Components,21
16,03-Office-Hours-16-June-18-2021,10-Lesson-25478285.md,10,Lesson-25478285,,11. HVAC-16,HVAC,HVAC,16
17,04-Office-Hours-17-July-2-2021,00-Lesson-25883089.md,0,Lesson-25883089,,OH17-01-HVAC_Solutions-21,HVAC,HVAC,21
18,05-Office-Hours-18-July-16-2021,00-Lesson-26324511.md,0,Lesson-26324511,,OH18-1-THERMO-8,HVAC,Thermodynamics,8
18,05-Office-Hours-18-July-16-2021,01-Lesson-26324607.md,1,Lesson-26324607,,OH18-02-THERMO-12,HVAC,Thermodynamics,12
18,05-Office-Hours-18-July-16-2021,02-Lesson-26324608.md,2,Lesson-26324608,,OH18-03-THERMO-22,HVAC,Thermodynamics,22
18,05-Office-Hours-18-July-16-2021,03-Lesson-26324521.md,3,Lesson-26324521,,OH18-04-HEAT_TRANSFER-19,HVAC,Heat Transfer,19
18,05-Office-Hours-18-July-16-2021,04-Lesson-26324453.md,4,Lesson-26324453,,OH18-06-HVAC-25,HVAC,HVAC,25
18,05-Office-Hours-18-July-16-2021,05-Lesson-26324452.md,5,Lesson-26324452,,OH18-05-HVAC-01,HVAC,HVAC,01
18,05-Office-Hours-18-July-16-2021,06-Lesson-26324498.md,6,Lesson-26324498,,OH18-07-SYSTEMS-01,HVAC,Systems and Components,01
18,05-Office-Hours-18-July-16-2021,07-Lesson-26324570.md,7,Lesson-26324570,,OH18-08-SYSTEMS-02,HVAC,Systems and Components,02
18,05-Office-Hours-18-July-16-2021,08-Lesson-26324647.md,8,Lesson-26324647,,OH18-09-SYSTEMS-18,HVAC,Systems and Components,18
19,06-Office-Hours-19-July-30-2021,00-Lesson-26631947.md,0,Lesson-26631947,,OH19-01-Heat_Transfer-7,HVAC,Heat Transfer,7
19,06-Office-Hours-19-July-30-2021,01-Lesson-26631948.md,1,Lesson-26631948,,OH19-02-Heat_Transfer-10,HVAC,Heat Transfer,10
19,06-Office-Hours-19-July-30-2021,02-Lesson-26631916.md,2,Lesson-26631916,,OH19-03-Heat_Transfer-19,HVAC,Heat Transfer,19
19,06-Office-Hours-19-July-30-2021,03-Lesson-26631902.md,3,Lesson-26631902,,OH19-04-Heat_Transfer-22,HVAC,Heat Transfer,22
19,06-Office-Hours-19-July-30-2021,04-Lesson-26631954.md,4,Lesson-26631954,,OH19-05-HVAC-3,HVAC,HVAC,3
19,06-Office-Hours-19-July-30-2021,05-Lesson-26631969.md,5,Lesson-26631969,,OH19-06-HVAC-10,HVAC,HVAC,10
19,06-Office-Hours-19-July-30-2021,06-Lesson-26631950.md,6,Lesson-26631950,,OH19-07-HVAC-14,HVAC,HVAC,14
19,06-Office-Hours-19-July-30-2021,07-Lesson-26631931.md,7,Lesson-26631931,,OH19-08-HVAC-19,HVAC,HVAC,19
19,06-Office-Hours-19-July-30-2021,08-Lesson-26631940.md,8,Lesson-26631940,,OH19-09-Systems-4,HVAC,Systems and Components,4
19,06-Office-Hours-19-July-30-2021,09-Lesson-26631943.md,9,Lesson-26631943,,OH19-10-Systems-22,HVAC,Systems and Components,22
20,07-Office-Hours-20-August-13-2021,00-Lesson-27016742.md,0,Lesson-27016742,,OH20-1-HVAC-3,HVAC,HVAC,3
20,07-Office-Hours-20-August-13-2021,01-Lesson-27016747.md,1,Lesson-27016747,,OH20-2-HVAC-4,HVAC,HVAC,4
20,07-Office-Hours-20-August-13-2021,02-Lesson-27016745.md,2,Lesson-27016745,,OH20-3-HVAC-14,HVAC,HVAC,14
20,07-Office-Hours-20-August-13-2021,03-Lesson-27016748.md,3,Lesson-27016748,,OH20-4-Systems-3,HVAC,Systems and Components,3
20,07-Office-Hours-20-August-13-2021,04-Lesson-27016746.md,4,Lesson-27016746,,OH20-5-Systems-6,HVAC,Systems and Components,6
21,08-Office-Hours-21-September-10-2021,00-Lesson-27921749.md,0,Lesson-27921749,,OH21-1-FLUIDS-3,HVAC,Fluids,3
21,08-Office-Hours-21-September-10-2021,01-Lesson-27921755.md,1,Lesson-27921755,,OH21-2-FLUIDS-25,HVAC,Fluids,25
21,08-Office-Hours-21-September-10-2021,02-Lesson-27921742.md,2,Lesson-27921742,,OH21-3-PSYCHROMETRICS-7,HVAC,Psychrometrics,7
21,08-Office-Hours-21-September-10-2021,03-Lesson-27921757.md,3,Lesson-27921757,,OH21-4-HVAC-17,HVAC,HVAC,17
21,08-Office-Hours-21-September-10-2021,04-Lesson-27921747.md,4,Lesson-27921747,,OH21-5-SYSTEMS-19,HVAC,Systems and Components,19
21,08-Office-Hours-21-September-10-2021,05-Lesson-27921744.md,5,Lesson-27921744,,OH21-6-SYSTEMS-23,HVAC,Systems and Components,23
23,10-Office-Hours-23-October-08-2021,00-Lesson-28751569.md,0,Lesson-28751569,,Thermo 21,HVAC,Thermodynamics,21
23,10-Office-Hours-23-October-08-2021,01-Lesson-28751571.md,1,Lesson-28751571,,Fluids 14,HVAC,Fluids,14
115,100-Office-Hours-115-March-2nd-2026,00-Lesson-73255811.md,0,Lesson-73255811,,TFS: Heat Transfer #14,TFS,Heat Transfer,14
115,100-Office-Hours-115-March-2nd-2026,01-Lesson-73255808.md,1,Lesson-73255808,,TFS: Fluids #46,TFS,Fluids,46
115,100-Office-Hours-115-March-2nd-2026,02-Lesson-73255810.md,2,Lesson-73255810,,TFS: Fluids #48,TFS,Fluids,48
115,100-Office-Hours-115-March-2nd-2026,03-Lesson-73255815.md,3,Lesson-73255815,,HVAC: Thermo #4,HVAC,Thermodynamics,4
115,100-Office-Hours-115-March-2nd-2026,04-Lesson-73255801.md,4,Lesson-73255801,,HVAC: Thermo #6,HVAC,Thermodynamics,6
115,100-Office-Hours-115-March-2nd-2026,05-Lesson-73255803.md,5,Lesson-73255803,,HVAC: Thermo #8,HVAC,Thermodynamics,8
115,100-Office-Hours-115-March-2nd-2026,06-Lesson-73255804.md,6,Lesson-73255804,,HVAC: Thermo #9,HVAC,Thermodynamics,9
115,100-Office-Hours-115-March-2nd-2026,07-Lesson-73255805.md,7,Lesson-73255805,,HVAC: Thermo #12,HVAC,Thermodynamics,12
115,100-Office-Hours-115-March-2nd-2026,08-Lesson-73255806.md,8,Lesson-73255806,,HVAC: Thermo #13,HVAC,Thermodynamics,13
115,100-Office-Hours-115-March-2nd-2026,09-Lesson-73255807.md,9,Lesson-73255807,,HVAC: Thermo #19,HVAC,Thermodynamics,19
115,100-Office-Hours-115-March-2nd-2026,10-Lesson-73255812.md,10,Lesson-73255812,,HVAC: Supporting Topics #6,HVAC,Supporting Topics,6
24,11-Office-Hours-24-October-22-2021,00-Lesson-29334746.md,0,Lesson-29334746,,HVAC-18/21,HVAC,HVAC,18
25,12-Office-Hours-25-November-19-2021,02-Lesson-30310983.md,2,Lesson-30310983,,HVAC Psychrometrics 9,HVAC,HVAC,9
25,12-Office-Hours-25-November-19-2021,03-Lesson-30310966.md,3,Lesson-30310966,,HVAC Fluids 25,HVAC,Fluids,25
25,12-Office-Hours-25-November-19-2021,05-Lesson-30311826.md,5,Lesson-30311826,,TFS Fluids 6,TFS,Fluids,6
25,12-Office-Hours-25-November-19-2021,06-Lesson-30311827.md,6,Lesson-30311827,,TFS Fluids 10,TFS,Fluids,10
25,12-Office-Hours-25-November-19-2021,07-Lesson-30311834.md,7,Lesson-30311834,,TFS Fluids 13,TFS,Fluids,13
26,13-Office-Hours-26-December-3-2021,01-Lesson-30396393.md,1,Lesson-30396393,,Fluids 46,HVAC,Fluids,46
26,13-Office-Hours-26-December-3-2021,02-Lesson-30396392.md,2,Lesson-30396392,,Fluids 50,HVAC,Fluids,50
27,14-Office-Hours-27-December-15-2021,02-Lesson-30613165.md,2,Lesson-30613165,,Energy and Power Systems 6,HVAC,Systems and Components,6
28,15-Office-Hours-28-January-7-2022,00-Lesson-31187367.md,0,Lesson-31187367,,Systems-25,HVAC,Systems and Components,25
29,16-Office-Hours-29-January-20-2022,02-Lesson-31593693.md,2,Lesson-31593693,,HVAC_PSYCHROMETRICS-5,HVAC,HVAC,5
29,16-Office-Hours-29-January-20-2022,03-Lesson-31593218.md,3,Lesson-31593218,,HVAC_MISC-1,HVAC,HVAC,1
29,16-Office-Hours-29-January-20-2022,04-Lesson-31593236.md,4,Lesson-31593236,,HVAC_MISC-2,HVAC,HVAC,2
29,16-Office-Hours-29-January-20-2022,05-Lesson-31593695.md,5,Lesson-31593695,,HVAC_MISC-3,HVAC,HVAC,3
30,17-Office-Hours-30-February-4-2022,00-Lesson-32071398.md,0,Lesson-32071398,,HVAC_SYSTEMS-9,HVAC,HVAC,9
30,17-Office-Hours-30-February-4-2022,01-Lesson-32071516.md,1,Lesson-32071516,,HVAC_SYSTEMS-20,HVAC,HVAC,20
30,17-Office-Hours-30-February-4-2022,02-Lesson-32071488.md,2,Lesson-32071488,,HVAC_SOLUTIONS-19,HVAC,HVAC,19
30,17-Office-Hours-30-February-4-2022,03-Lesson-32071427.md,3,Lesson-32071427,,HVAC_SOLUTIONS-29A,HVAC,HVAC,29
30,17-Office-Hours-30-February-4-2022,04-Lesson-32071471.md,4,Lesson-32071471,,HVAC_SOLUTIONS-29B,HVAC,HVAC,29
30,17-Office-Hours-30-February-4-2022,05-Lesson-32071614.md,5,Lesson-32071614,,HVAC_MISC-1,HVAC,HVAC,1
30,17-Office-Hours-30-February-4-2022,06-Lesson-32071469.md,6,Lesson-32071469,,HVAC_MISC-2,HVAC,HVAC,2
31,18-Office-Hours-31-February-18-2022,00-Lesson-32619286.md,0,Lesson-32619286,,HVAC_FLUIDS-9,HVAC,Fluids,9
31,18-Office-Hours-31-February-18-2022,01-Lesson-32619333.md,1,Lesson-32619333,,HVAC_PSYCHOMETRICS-3,HVAC,HVAC,3
31,18-Office-Hours-31-February-18-2022,02-Lesson-32619296.md,2,Lesson-32619296,,HVAC_PSYCHOMETRICS-12,HVAC,HVAC,12
31,18-Office-Hours-31-February-18-2022,03-Lesson-32619238.md,3,Lesson-32619238,,HVAC_SYSTEMS-20,HVAC,HVAC,20
31,18-Office-Hours-31-February-18-2022,04-Lesson-32619334.md,4,Lesson-32619334,,HVAC_MISC-1,HVAC,HVAC,1
31,18-Office-Hours-31-February-18-2022,05-Lesson-32619252.md,5,Lesson-32619252,,HVAC_MISC-2,HVAC,HVAC,2
31,18-Office-Hours-31-February-18-2022,07-Lesson-32619362.md,7,Lesson-32619362,,HVAC_MISC-4,HVAC,HVAC,4
32,19-Office-Hours-32-March-7-2022,00-Lesson-33560202.md,0,Lesson-33560202,,HVAC_THERMO-9,HVAC,Thermodynamics,9
32,19-Office-Hours-32-March-7-2022,01-Lesson-33560176.md,1,Lesson-33560176,,HVAC_THERMO-13,HVAC,Thermodynamics,13
32,19-Office-Hours-32-March-7-2022,02-Lesson-33560203.md,2,Lesson-33560203,,HVAC_FLUIDS-14-1,HVAC,Fluids,14
32,19-Office-Hours-32-March-7-2022,03-Lesson-33560233.md,3,Lesson-33560233,,HVAC_FLUIDS-14-2,HVAC,Fluids,14
32,19-Office-Hours-32-March-7-2022,04-Lesson-33560234.md,4,Lesson-33560234,,HVAC_FLUIDS-21,HVAC,Fluids,21
32,19-Office-Hours-32-March-7-2022,05-Lesson-33560232.md,5,Lesson-33560232,,HVAC_HVAC_SOLUTIONS-21,HVAC,HVAC,21
32,19-Office-Hours-32-March-7-2022,06-Lesson-33560248.md,6,Lesson-33560248,,HVAC_HVAC_SOLUTIONS-57,HVAC,HVAC,57
32,19-Office-Hours-32-March-7-2022,07-Lesson-33560157.md,7,Lesson-33560157,,HVAC_HVAC_SOLUTIONS-66,HVAC,HVAC,66
32,19-Office-Hours-32-March-7-2022,08-Lesson-33560161.md,8,Lesson-33560161,,HVAC_MISC-1,HVAC,HVAC,1
32,19-Office-Hours-32-March-7-2022,09-Lesson-33560260.md,9,Lesson-33560260,,HVAC_MISC-2,HVAC,HVAC,2
33,20-Office-Hours-33-March-21-2022,00-Lesson-34089054.md,0,Lesson-34089054,,HVAC: Heat Transfer 22,HVAC,Heat Transfer,22
33,20-Office-Hours-33-March-21-2022,01-Lesson-34089060.md,1,Lesson-34089060,,HVAC: HVAC 16,HVAC,HVAC,16
33,20-Office-Hours-33-March-21-2022,02-Lesson-34089062.md,2,Lesson-34089062,,HVAC: HVAC 23,HVAC,HVAC,23
34,21-Office-Hours-34-April-18-2022,02-Lesson-34190676.md,2,Lesson-34190676,,HVAC: Fluids-19,HVAC,Fluids,19
34,21-Office-Hours-34-April-18-2022,03-Lesson-34190684.md,3,Lesson-34190684,,HVAC: SYSTEMS-8,HVAC,Systems and Components,8
34,21-Office-Hours-34-April-18-2022,04-Lesson-34190683.md,4,Lesson-34190683,,HVAC: SYSTEMS-21,HVAC,Systems and Components,21
35,22-Office-Hours-35-May-2-2022,00-Lesson-34862705.md,0,Lesson-34862705,,HVAC: Thermo-7,HVAC,Thermodynamics,7
35,22-Office-Hours-35-May-2-2022,02-Lesson-34862695.md,2,Lesson-34862695,,HVAC: Thermo-8,HVAC,Thermodynamics,8
35,22-Office-Hours-35-May-2-2022,03-Lesson-34862706.md,3,Lesson-34862706,,HVAC: Thermo-18,HVAC,Thermodynamics,18
35,22-Office-Hours-35-May-2-2022,04-Lesson-34862701.md,4,Lesson-34862701,,HVAC: Fluids-22,HVAC,Fluids,22
35,22-Office-Hours-35-May-2-2022,05-Lesson-34862682.md,5,Lesson-34862682,,TFS: Energy & Power Systems-6,TFS,Energy & Power Systems,6
36,23-Office-Hours-36-May-16-2022,00-Lesson-35082746.md,0,Lesson-35082746,,HVAC: Psych-4,HVAC,Psychrometrics,4
36,23-Office-Hours-36-May-16-2022,01-Lesson-35082747.md,1,Lesson-35082747,,HVAC: Psych-9,HVAC,Psychrometrics,9
36,23-Office-Hours-36-May-16-2022,02-Lesson-35082748.md,2,Lesson-35082748,,HVAC: Fluids-8,HVAC,Fluids,8
36,23-Office-Hours-36-May-16-2022,03-Lesson-35082749.md,3,Lesson-35082749,,HVAC: Supporting Topics-6,HVAC,Supporting Topics,6
39,26-Office-Hours-39-June-27th-2022,00-Lesson-36540657.md,0,Lesson-36540657,,HVAC: Thermo-6,HVAC,Thermodynamics,6
39,26-Office-Hours-39-June-27th-2022,01-Lesson-36540660.md,1,Lesson-36540660,,HVAC: Fluids-3,HVAC,Fluids,3
39,26-Office-Hours-39-June-27th-2022,02-Lesson-36540663.md,2,Lesson-36540663,,HVAC: Fluids-4,HVAC,Fluids,4
39,26-Office-Hours-39-June-27th-2022,03-Lesson-36540662.md,3,Lesson-36540662,,HVAC: Fluids-9,HVAC,Fluids,9
39,26-Office-Hours-39-June-27th-2022,04-Lesson-36540661.md,4,Lesson-36540661,,HVAC: Heat Transfer-15,HVAC,Heat Transfer,15
39,26-Office-Hours-39-June-27th-2022,05-Lesson-36540655.md,5,Lesson-36540655,,HVAC: Systems and Components-23,HVAC,Systems and Components,23
39,26-Office-Hours-39-June-27th-2022,06-Lesson-36540666.md,6,Lesson-36540666,,HVAC: Supporting  Topics-14 Econ,HVAC,Supporting Topics,14
40,27-Office-Hours-40-July-25th-2022,00-Lesson-37347867.md,0,Lesson-37347867,,HVAC: Heat Transfer-7,HVAC,Heat Transfer,7
40,27-Office-Hours-40-July-25th-2022,01-Lesson-37347828.md,1,Lesson-37347828,,HVAC: HVAC-4,HVAC,HVAC,4
40,27-Office-Hours-40-July-25th-2022,02-Lesson-37347858.md,2,Lesson-37347858,,HVAC: HVAC-6,HVAC,HVAC,6
40,27-Office-Hours-40-July-25th-2022,03-Lesson-37347862.md,3,Lesson-37347862,,HVAC: HVAC-19,HVAC,HVAC,19
40,27-Office-Hours-40-July-25th-2022,04-Lesson-37347827.md,4,Lesson-37347827,,HVAC: Systems and Components-1,HVAC,Systems and Components,1
40,27-Office-Hours-40-July-25th-2022,05-Lesson-37347859.md,5,Lesson-37347859,,HVAC:  Systems and Components-4,HVAC,Systems and Components,4
40,27-Office-Hours-40-July-25th-2022,06-Lesson-37347864.md,6,Lesson-37347864,,HVAC:  Systems and Components-25,HVAC,Systems and Components,25
40,27-Office-Hours-40-July-25th-2022,07-Lesson-37347861.md,7,Lesson-37347861,,HVAC:  HVAC Solutions 48,HVAC,HVAC,48
41,28-Office-Hours-41-August-8th-2022,00-Lesson-37698750.md,0,Lesson-37698750,,HVAC: Fluids-15,HVAC,Fluids,15
41,28-Office-Hours-41-August-8th-2022,01-Lesson-37698752.md,1,Lesson-37698752,,HVAC: Fluids-26,HVAC,Fluids,26
41,28-Office-Hours-41-August-8th-2022,03-Lesson-37698751.md,3,Lesson-37698751,,HVAC: Psychrometrics-11,HVAC,Psychrometrics,11
41,28-Office-Hours-41-August-8th-2022,05-Lesson-37698742.md,5,Lesson-37698742,,HVAC: Heat Transfer-22,HVAC,Heat Transfer,22
41,28-Office-Hours-41-August-8th-2022,06-Lesson-37698748.md,6,Lesson-37698748,,HVAC: Systems and Components-1,HVAC,Systems and Components,1
41,28-Office-Hours-41-August-8th-2022,07-Lesson-37698747.md,7,Lesson-37698747,,HVAC: Systems and Components-21,HVAC,Systems and Components,21
41,28-Office-Hours-41-August-8th-2022,08-Lesson-37698743.md,8,Lesson-37698743,,HVAC: Supporting Topics-6,HVAC,Supporting Topics,6
42,29-Office-Hours-42-August-22-2022,00-Lesson-38170134.md,0,Lesson-38170134,,HVAC: Fluids-25,HVAC,Fluids,25
42,29-Office-Hours-42-August-22-2022,01-Lesson-38170131.md,1,Lesson-38170131,,HVAC: HVAC-20,HVAC,HVAC,20
42,29-Office-Hours-42-August-22-2022,02-Lesson-38170132.md,2,Lesson-38170132,,HVAC: Systems and Components-14,HVAC,Systems and Components,14
42,29-Office-Hours-42-August-22-2022,03-Lesson-38170135.md,3,Lesson-38170135,,HVAC: Systems and Components-22,HVAC,Systems and Components,22
42,29-Office-Hours-42-August-22-2022,04-Lesson-38170127.md,4,Lesson-38170127,,HVAC: Systems and Components-23,HVAC,Systems and Components,23
43,30-Office-Hours-43-September-5-2022,00-Lesson-38508587.md,0,Lesson-38508587,,HVAC: Thermo-10,HVAC,Thermodynamics,10
43,30-Office-Hours-43-September-5-2022,03-Lesson-38508589.md,3,Lesson-38508589,,HVAC: Systems and Components-4,HVAC,Systems and Components,4
44,31-Office-Hours-44-September-19-2022,00-Lesson-38917299.md,0,Lesson-38917299,,HVAC: Thermo-18,HVAC,Thermodynamics,18
44,31-Office-Hours-44-September-19-2022,01-Lesson-38917290.md,1,Lesson-38917290,,HVAC: Psychrometrics-3,HVAC,Psychrometrics,3
44,31-Office-Hours-44-September-19-2022,03-Lesson-38917308.md,3,Lesson-38917308,,HVAC: Heat Transfer-22,HVAC,Heat Transfer,22
44,31-Office-Hours-44-September-19-2022,04-Lesson-38917304.md,4,Lesson-38917304,,HVAC: HVAC-23,HVAC,HVAC,23
44,31-Office-Hours-44-September-19-2022,05-Lesson-38917319.md,5,Lesson-38917319,,HVAC: Systems and Components-1,HVAC,Systems and Components,1
44,31-Office-Hours-44-September-19-2022,06-Lesson-38917302.md,6,Lesson-38917302,,HVAC: Systems and Components-20,HVAC,Systems and Components,20
44,31-Office-Hours-44-September-19-2022,07-Lesson-38917316.md,7,Lesson-38917316,,TFS: Practice Exam 1 - 50,TFS,Practice Exam 1,1
45,32-Office-Hours-45-October-2-2022,00-Lesson-39458527.md,0,Lesson-39458527,,HVAC: Fluids-9/11/12,HVAC,Fluids,9
45,32-Office-Hours-45-October-2-2022,02-Lesson-39458521.md,2,Lesson-39458521,,HVAC: HVAC-16,HVAC,HVAC,16
45,32-Office-Hours-45-October-2-2022,03-Lesson-39458525.md,3,Lesson-39458525,,HVAC: Supporting Topics-26,HVAC,Supporting Topics,26
45,32-Office-Hours-45-October-2-2022,04-Lesson-39458526.md,4,Lesson-39458526,,HVAC: Practice Exam #1-8,HVAC,Practice Exam 1,1
45,32-Office-Hours-45-October-2-2022,05-Lesson-39458524.md,5,Lesson-39458524,,HVAC: Practice Exam #1-55,HVAC,Practice Exam 1,1
45,32-Office-Hours-45-October-2-2022,06-Lesson-39458528.md,6,Lesson-39458528,,HVAC: Practice Exam #1-70,HVAC,Practice Exam 1,1
46,33-Office-Hours-46-October-19-2022,01-Lesson-39706861.md,1,Lesson-39706861,,HVAC: Fluids-14,HVAC,Fluids,14
46,33-Office-Hours-46-October-19-2022,02-Lesson-39706849.md,2,Lesson-39706849,,HVAC: Fluids-19,HVAC,Fluids,19
46,33-Office-Hours-46-October-19-2022,03-Lesson-39706862.md,3,Lesson-39706862,,HVAC: Fluids-22,HVAC,Fluids,22
46,33-Office-Hours-46-October-19-2022,04-Lesson-39706833.md,4,Lesson-39706833,,HVAC: Fluids-23,HVAC,Fluids,23
46,33-Office-Hours-46-October-19-2022,05-Lesson-39706854.md,5,Lesson-39706854,,HVAC: Fluids-24,HVAC,Fluids,24
46,33-Office-Hours-46-October-19-2022,06-Lesson-39706856.md,6,Lesson-39706856,,HVAC: Fluids-28,HVAC,Fluids,28
46,33-Office-Hours-46-October-19-2022,07-Lesson-39706852.md,7,Lesson-39706852,,HVAC: Heat Transfer-15,HVAC,Heat Transfer,15
47,34-Office-Hours-47-October-30-2022,00-Lesson-39809439.md,0,Lesson-39809439,,HVAC: Fluids-11,HVAC,Fluids,11
47,34-Office-Hours-47-October-30-2022,01-Lesson-39809440.md,1,Lesson-39809440,,HVAC: Heat Transfer-13,HVAC,Heat Transfer,13
47,34-Office-Hours-47-October-30-2022,02-Lesson-39809474.md,2,Lesson-39809474,,HVAC: HVAC-3,HVAC,HVAC,3
47,34-Office-Hours-47-October-30-2022,03-Lesson-39809481.md,3,Lesson-39809481,,HVAC: HVAC-4,HVAC,HVAC,4
47,34-Office-Hours-47-October-30-2022,04-Lesson-39809477.md,4,Lesson-39809477,,HVAC: HVAC-6,HVAC,HVAC,6
48,35-Office-Hours-48-November-14-2022,00-Lesson-40395645.md,0,Lesson-40395645,,HVAC: Systems and Components-6,HVAC,Systems and Components,6
48,35-Office-Hours-48-November-14-2022,01-Lesson-40395681.md,1,Lesson-40395681,,HVAC: Systems and Components-11,HVAC,Systems and Components,11
48,35-Office-Hours-48-November-14-2022,02-Lesson-40395680.md,2,Lesson-40395680,,HVAC: Systems and Components-15,HVAC,Systems and Components,15
48,35-Office-Hours-48-November-14-2022,03-Lesson-40395683.md,3,Lesson-40395683,,HVAC: Systems and Components-20,HVAC,Systems and Components,20
49,36-Office-Hours-49-November-28th-2022,00-Lesson-40804540.md,0,Lesson-40804540,,HVAC: HVAC-4,HVAC,HVAC,4
49,36-Office-Hours-49-November-28th-2022,01-Lesson-40804538.md,1,Lesson-40804538,,HVAC: HVAC-23,HVAC,HVAC,23
49,36-Office-Hours-49-November-28th-2022,02-Lesson-40804543.md,2,Lesson-40804543,,HVAC: Systems and Components-28,HVAC,Systems and Components,28
50,37-Office-Hours-50-January-8th-2023,01-Lesson-42150698.md,1,Lesson-42150698,,HVAC: Fluids-14,HVAC,Fluids,14
50,37-Office-Hours-50-January-8th-2023,02-Lesson-42150696.md,2,Lesson-42150696,,HVAC: Heat Transfer-22,HVAC,Heat Transfer,22
51,38-Office-Hours-51-January-30th-2023,00-Lesson-42488897.md,0,Lesson-42488897,,TFS: Hydraulic and Fluid Applications-8,TFS,Fluids,8
51,38-Office-Hours-51-January-30th-2023,01-Lesson-42488891.md,1,Lesson-42488891,,TFS: Hydraulic and Fluid Applications-28,TFS,Fluids,28
51,38-Office-Hours-51-January-30th-2023,02-Lesson-42488890.md,2,Lesson-42488890,,TFS: Energy and Power Systems-11,TFS,Systems and Components,11
51,38-Office-Hours-51-January-30th-2023,03-Lesson-42488896.md,3,Lesson-42488896,,HVAC: Thermo-6,HVAC,Thermodynamics,6
51,38-Office-Hours-51-January-30th-2023,04-Lesson-42488895.md,4,Lesson-42488895,,HVAC: Fluids-1,HVAC,Fluids,1
51,38-Office-Hours-51-January-30th-2023,05-Lesson-42488899.md,5,Lesson-42488899,,HVAC: Practice Exam #2-19,HVAC,Practice Exam 2,2
51,38-Office-Hours-51-January-30th-2023,06-Lesson-42488894.md,6,Lesson-42488894,,HVAC: Practice Exam #2-31,HVAC,Practice Exam 2,2
52,39-Office-Hours-52-February-13th-2023,01-Lesson-42920927.md,1,Lesson-42920927,,HVAC: Full Practice Exam #2-7 and 8,HVAC,Practice Exam 2,2
52,39-Office-Hours-52-February-13th-2023,02-Lesson-42920922.md,2,Lesson-42920922,,TFS: Practice Exam #1-23,TFS,Practice Exam 1,1
52,39-Office-Hours-52-February-13th-2023,03-Lesson-42920924.md,3,Lesson-42920924,,TFS: Practice Exam #1-38,TFS,Practice Exam 1,1
53,40-Office-Hours-53-February-27th-2023,00-Lesson-43357064.md,0,Lesson-43357064,,HVAC: Thermo #9,HVAC,Thermodynamics,9
53,40-Office-Hours-53-February-27th-2023,01-Lesson-43357061.md,1,Lesson-43357061,,HVAC: Thermo #12,HVAC,Thermodynamics,12
53,40-Office-Hours-53-February-27th-2023,02-Lesson-43357063.md,2,Lesson-43357063,,HVAC: Fluids #10,HVAC,Fluids,10
53,40-Office-Hours-53-February-27th-2023,03-Lesson-43357066.md,3,Lesson-43357066,,HVAC: Heat Transfer #7,HVAC,Heat Transfer,7
53,40-Office-Hours-53-February-27th-2023,04-Lesson-43357057.md,4,Lesson-43357057,,HVAC: Heat Transfer #15,HVAC,Heat Transfer,15
53,40-Office-Hours-53-February-27th-2023,05-Lesson-43357060.md,5,Lesson-43357060,,HVAC: Heat Transfer #16,HVAC,Heat Transfer,16
53,40-Office-Hours-53-February-27th-2023,06-Lesson-43357065.md,6,Lesson-43357065,,HVAC:  HVAC #4,HVAC,HVAC,4
53,40-Office-Hours-53-February-27th-2023,07-Lesson-43357062.md,7,Lesson-43357062,,TFS: Heat Transfer #15,TFS,Heat Transfer,15
54,41-Office-Hours-54-March-13th-2023,00-Lesson-43741153.md,0,Lesson-43741153,,HVAC: Psychrometrics-14,HVAC,Psychrometrics,14
54,41-Office-Hours-54-March-13th-2023,01-Lesson-43741152.md,1,Lesson-43741152,,HVAC: Heat Transfer-15,HVAC,Heat Transfer,15
54,41-Office-Hours-54-March-13th-2023,02-Lesson-43741154.md,2,Lesson-43741154,,HVAC: Heat Transfer-22,HVAC,Heat Transfer,22
54,41-Office-Hours-54-March-13th-2023,03-Lesson-43741155.md,3,Lesson-43741155,,HVAC: Systems and Components-21,HVAC,Systems and Components,21
55,42-Office-Hours-55-March-27th-2023,00-Lesson-44169372.md,0,Lesson-44169372,,HVAC: Fluids #10,HVAC,Fluids,10
55,42-Office-Hours-55-March-27th-2023,01-Lesson-44169371.md,1,Lesson-44169371,,HVAC: Full Practice Exam #17,HVAC,Practice Exam 1,17
56,43-Office-Hours-56-April-10th-2023,00-Lesson-44564749.md,0,Lesson-44564749,,TFS: Energy Power #9,TFS,Energy & Power Systems,9
56,43-Office-Hours-56-April-10th-2023,01-Lesson-44564750.md,1,Lesson-44564750,,HVAC: Thermo #23,HVAC,Thermodynamics,23
56,43-Office-Hours-56-April-10th-2023,02-Lesson-44564747.md,2,Lesson-44564747,,HVAC: Full Practice Exam #22,HVAC,Practice Exam 2,22
57,44-Office-Hours-57-April-24th-2023,01-Lesson-44918352.md,1,Lesson-44918352,,HVAC: NCEES HVAC Practice Exam #80,HVAC,HVAC,80
57,44-Office-Hours-57-April-24th-2023,02-Lesson-44918353.md,2,Lesson-44918353,,HVAC: NCEES HVAC Practice Exam #32,HVAC,HVAC,32
57,44-Office-Hours-57-April-24th-2023,03-Lesson-44918347.md,3,Lesson-44918347,,HVAC: Full Practice Exam #22,HVAC,Practice Exam 2,22
58,45-Office-Hours-58-May-8th-2023,00-Lesson-45312249.md,0,Lesson-45312249,,TFS: Thermodynamics #16,TFS,Thermodynamics,16
58,45-Office-Hours-58-May-8th-2023,01-Lesson-45312243.md,1,Lesson-45312243,,HVAC: Fluids Module #12,HVAC,Fluids,12
58,45-Office-Hours-58-May-8th-2023,05-Lesson-45312260.md,5,Lesson-45312260,,HVAC: Practice Exam 1 #32,HVAC,Practice Exam 1,1
59,46-Office-Hours-59-May-24th-2023,00-Lesson-45679321.md,0,Lesson-45679321,,HVAC: Systems & Components Module #1,HVAC,Systems and Components,1
59,46-Office-Hours-59-May-24th-2023,01-Lesson-45679327.md,1,Lesson-45679327,,HVAC: Heat Transfer Module #1,HVAC,Heat Transfer,1
59,46-Office-Hours-59-May-24th-2023,02-Lesson-45679325.md,2,Lesson-45679325,,HVAC: Thermo Module #19,HVAC,Thermodynamics,19
59,46-Office-Hours-59-May-24th-2023,04-Lesson-45679323.md,4,Lesson-45679323,,HVAC: Systems & Components Module #9,HVAC,Systems and Components,9
59,46-Office-Hours-59-May-24th-2023,05-Lesson-45679322.md,5,Lesson-45679322,,HVAC: Practice Exam 2 #12,HVAC,Practice Exam 2,2
59,46-Office-Hours-59-May-24th-2023,06-Lesson-45679324.md,6,Lesson-45679324,,HVAC: Practice Exam 2 #67,HVAC,Practice Exam 2,2
60,47-Office-Hours-60-June-5th-2023,00-Lesson-46044611.md,0,Lesson-46044611,,HVAC: Thermo #8,HVAC,Thermodynamics,8
60,47-Office-Hours-60-June-5th-2023,03-Lesson-46044613.md,3,Lesson-46044613,,HVAC: Practice Exam 2 #75,HVAC,Practice Exam 2,2
61,48-Office-Hours-61-June-19th-2023,00-Lesson-46387741.md,0,Lesson-46387741,,TFS: Supporting Topics #10,TFS,Supporting Topics,10
61,48-Office-Hours-61-June-19th-2023,01-Lesson-46387735.md,1,Lesson-46387735,,TFS: Practice Exam 1 #23,TFS,Practice Exam 1,1
61,48-Office-Hours-61-June-19th-2023,04-Lesson-46387736.md,4,Lesson-46387736,,HVAC: Full Practice Exam 2 #26,HVAC,Practice Exam 2,2
61,48-Office-Hours-61-June-19th-2023,05-Lesson-46387738.md,5,Lesson-46387738,,HVAC: Full Practice Exam 2 #43,HVAC,Practice Exam 2,2
61,48-Office-Hours-61-June-19th-2023,06-Lesson-46387743.md,6,Lesson-46387743,,HVAC: Full Practice Exam 2 #78,HVAC,Practice Exam 2,2
62,49-Office-Hours-62-July-3rd-2023,00-Lesson-46495100.md,0,Lesson-46495100,,HVAC: Thermo 01,HVAC,Thermodynamics,01
62,49-Office-Hours-62-July-3rd-2023,01-Lesson-46495101.md,1,Lesson-46495101,,HVAC: Thermo 21,HVAC,Thermodynamics,21
62,49-Office-Hours-62-July-3rd-2023,02-Lesson-46495105.md,2,Lesson-46495105,,HVAC: Heat Transfer 07,HVAC,Heat Transfer,07
63,50-Office-Hours-63-July-17th-2023,00-Lesson-47067285.md,0,Lesson-47067285,,HVAC: Thermo #09,HVAC,Thermodynamics,09
63,50-Office-Hours-63-July-17th-2023,01-Lesson-47067286.md,1,Lesson-47067286,,HVAC: Thermo #23,HVAC,Thermodynamics,23
63,50-Office-Hours-63-July-17th-2023,02-Lesson-47067284.md,2,Lesson-47067284,,HVAC: Fluids Module #12,HVAC,Fluids,12
63,50-Office-Hours-63-July-17th-2023,03-Lesson-47067289.md,3,Lesson-47067289,,HVAC: Fluids Module #25,HVAC,Fluids,25
63,50-Office-Hours-63-July-17th-2023,05-Lesson-47067280.md,5,Lesson-47067280,,HVAC: Heat Transfer Module #22,HVAC,Heat Transfer,22
63,50-Office-Hours-63-July-17th-2023,06-Lesson-47067288.md,6,Lesson-47067288,,HVAC: Full Practice Exam #75,HVAC,Practice Exam 2,75
63,50-Office-Hours-63-July-17th-2023,07-Lesson-47067278.md,7,Lesson-47067278,,HVAC: Practice Exam 2 #5,HVAC,Practice Exam 2,2
64,51-Office-Hours-64-July-31st-2023,00-Lesson-47456806.md,0,Lesson-47456806,,HVAC: Fluids Module #22,HVAC,Fluids,22
64,51-Office-Hours-64-July-31st-2023,01-Lesson-47456805.md,1,Lesson-47456805,,HVAC: Psychometrics Module #13,HVAC,Psychrometrics,13
64,51-Office-Hours-64-July-31st-2023,02-Lesson-47456804.md,2,Lesson-47456804,,HVAC: Heat Transfer Module #7,HVAC,Heat Transfer,7
64,51-Office-Hours-64-July-31st-2023,03-Lesson-47456801.md,3,Lesson-47456801,,HVAC: Heat Transfer Module #10,HVAC,Heat Transfer,10
64,51-Office-Hours-64-July-31st-2023,04-Lesson-47456802.md,4,Lesson-47456802,,HVAC: Heat Transfer Module #16,HVAC,Heat Transfer,16
64,51-Office-Hours-64-July-31st-2023,05-Lesson-47456797.md,5,Lesson-47456797,,HVAC: HVAC Module #4,HVAC,HVAC,4
64,51-Office-Hours-64-July-31st-2023,06-Lesson-47456800.md,6,Lesson-47456800,,HVAC: HVAC Module #1,HVAC,HVAC,1
64,51-Office-Hours-64-July-31st-2023,07-Lesson-47456798.md,7,Lesson-47456798,,HVAC: Supporting Topics #6,HVAC,Supporting Topics,6
64,51-Office-Hours-64-July-31st-2023,08-Lesson-47456803.md,8,Lesson-47456803,,HVAC: Supporting Topics #21,HVAC,Supporting Topics,21
65,52-Office-Hours-65-August-14th-2023,00-Lesson-47857150.md,0,Lesson-47857150,,HVAC: Fluids Module #3,HVAC,Fluids,3
65,52-Office-Hours-65-August-14th-2023,01-Lesson-47857155.md,1,Lesson-47857155,,HVAC: Heat Transfer Module #19,HVAC,Heat Transfer,19
65,52-Office-Hours-65-August-14th-2023,02-Lesson-47857149.md,2,Lesson-47857149,,HVAC: HVAC Module #9,HVAC,HVAC,9
65,52-Office-Hours-65-August-14th-2023,03-Lesson-47857153.md,3,Lesson-47857153,,HVAC: HVAC Module #14,HVAC,HVAC,14
65,52-Office-Hours-65-August-14th-2023,04-Lesson-47857158.md,4,Lesson-47857158,,HVAC: HVAC Module #15,HVAC,HVAC,15
65,52-Office-Hours-65-August-14th-2023,05-Lesson-47857148.md,5,Lesson-47857148,,HVAC: HVAC Module #16,HVAC,HVAC,16
65,52-Office-Hours-65-August-14th-2023,06-Lesson-47857154.md,6,Lesson-47857154,,HVAC: Systems And Components Module #5,HVAC,Systems and Components,5
65,52-Office-Hours-65-August-14th-2023,07-Lesson-47857157.md,7,Lesson-47857157,,HVAC: Systems And Components Module #21,HVAC,Systems and Components,21
65,52-Office-Hours-65-August-14th-2023,08-Lesson-47857156.md,8,Lesson-47857156,,HVAC: Supporting Knowledge #14,HVAC,Supporting Topics,14
66,53-Office-Hours-66-August-28th-2023,01-Lesson-48221010.md,1,Lesson-48221010,,HVAC: Fluids Module #3,HVAC,Fluids,3
66,53-Office-Hours-66-August-28th-2023,02-Lesson-48221008.md,2,Lesson-48221008,,HVAC: Psychometrics Module #3,HVAC,Psychrometrics,3
66,53-Office-Hours-66-August-28th-2023,03-Lesson-48221013.md,3,Lesson-48221013,,HVAC: Systems And Components Module #1,HVAC,Systems and Components,1
66,53-Office-Hours-66-August-28th-2023,04-Lesson-48221011.md,4,Lesson-48221011,,HVAC: Systems And Components Module #21,HVAC,Systems and Components,21
66,53-Office-Hours-66-August-28th-2023,05-Lesson-48221014.md,5,Lesson-48221014,,HVAC: Practice Exam 1 #24,HVAC,Practice Exam 1,1
66,53-Office-Hours-66-August-28th-2023,06-Lesson-48221015.md,6,Lesson-48221015,,HVAC: Practice Exam 1 #58,HVAC,Practice Exam 1,1
67,54-Office-Hours-67-September-11th-2023,00-Lesson-48579881.md,0,Lesson-48579881,,HVAC: Thermo Module #1,HVAC,Thermodynamics,1
67,54-Office-Hours-67-September-11th-2023,01-Lesson-48579883.md,1,Lesson-48579883,,HVAC: Heat Transfer Module #15,HVAC,Heat Transfer,15
67,54-Office-Hours-67-September-11th-2023,02-Lesson-48579884.md,2,Lesson-48579884,,HVAC: Supporting Topics #27,HVAC,Supporting Topics,27
68,55-Office-Hours-68-September-25th-2023,00-Lesson-49055327.md,0,Lesson-49055327,,HVAC: Fluids Module #1,HVAC,Fluids,1
68,55-Office-Hours-68-September-25th-2023,01-Lesson-49055279.md,1,Lesson-49055279,,HVAC: Fluids Module #9,HVAC,Fluids,9
68,55-Office-Hours-68-September-25th-2023,02-Lesson-49055255.md,2,Lesson-49055255,,HVAC: Fluids Module #9,HVAC,Fluids,9
68,55-Office-Hours-68-September-25th-2023,03-Lesson-49055309.md,3,Lesson-49055309,,HVAC: Fluids Module #14,HVAC,Fluids,14
68,55-Office-Hours-68-September-25th-2023,04-Lesson-49055281.md,4,Lesson-49055281,,HVAC: Fluids Module #15,HVAC,Fluids,15
68,55-Office-Hours-68-September-25th-2023,05-Lesson-49055253.md,5,Lesson-49055253,,HVAC: HVAC Module #4,HVAC,HVAC,4
68,55-Office-Hours-68-September-25th-2023,06-Lesson-49055266.md,6,Lesson-49055266,,HVAC: Full Practice Exam 1 #22,HVAC,Practice Exam 1,1
68,55-Office-Hours-68-September-25th-2023,07-Lesson-49055251.md,7,Lesson-49055251,,HVAC: Full Practice Exam 1 #52,HVAC,Practice Exam 1,1
68,55-Office-Hours-68-September-25th-2023,08-Lesson-49055265.md,8,Lesson-49055265,,HVAC: Full Practice Exam 1 #40,HVAC,Practice Exam 1,1
68,55-Office-Hours-68-September-25th-2023,09-Lesson-49055254.md,9,Lesson-49055254,,HVAC: Full Practice Exam 1 #63,HVAC,Practice Exam 1,1
69,56-Office-Hours-69-October-17th-2023,00-Lesson-49841255.md,0,Lesson-49841255,,HVAC: Thermo #10,HVAC,Thermodynamics,10
69,56-Office-Hours-69-October-17th-2023,01-Lesson-49841260.md,1,Lesson-49841260,,HVAC: Systems #01,HVAC,Systems and Components,01
69,56-Office-Hours-69-October-17th-2023,02-Lesson-49841388.md,2,Lesson-49841388,,HVAC: Systems #21,HVAC,Systems and Components,21
69,56-Office-Hours-69-October-17th-2023,03-Lesson-49841393.md,3,Lesson-49841393,,HVAC: Supporting #11,HVAC,Supporting Topics,11
70,57-Office-Hours-70-November-6th-2023,00-Lesson-50455662.md,0,Lesson-50455662,,HVAC: Thermo Module #18,HVAC,Thermodynamics,18
70,57-Office-Hours-70-November-6th-2023,02-Lesson-50455664.md,2,Lesson-50455664,,HVAC: Thermo Module #22,HVAC,Thermodynamics,22
70,57-Office-Hours-70-November-6th-2023,03-Lesson-50455665.md,3,Lesson-50455665,,HVAC: Fluids Module #8,HVAC,Fluids,8
70,57-Office-Hours-70-November-6th-2023,05-Lesson-50455667.md,5,Lesson-50455667,,HVAC: Heat Transfer Module #19,HVAC,Heat Transfer,19
70,57-Office-Hours-70-November-6th-2023,07-Lesson-50455669.md,7,Lesson-50455669,,HVAC: Full Practice Exam 2 #14,HVAC,Practice Exam 2,2
70,57-Office-Hours-70-November-6th-2023,08-Lesson-50455670.md,8,Lesson-50455670,,HVAC: Full Practice Exam 2 #42,HVAC,Practice Exam 2,2
71,58-Office-Hours-71-December-18th-2023,00-Lesson-51536308.md,0,Lesson-51536308,,HVAC: Thermo Module #6,HVAC,Thermodynamics,6
71,58-Office-Hours-71-December-18th-2023,02-Lesson-51536309.md,2,Lesson-51536309,,HVAC: Fluids Module #14,HVAC,Fluids,14
71,58-Office-Hours-71-December-18th-2023,03-Lesson-51536310.md,3,Lesson-51536310,,HVAC: Fluids Module #25,HVAC,Fluids,25
71,58-Office-Hours-71-December-18th-2023,05-Lesson-51536319.md,5,Lesson-51536319,,HVAC: Psychometrics Module #4,HVAC,Psychrometrics,4
71,58-Office-Hours-71-December-18th-2023,06-Lesson-51536311.md,6,Lesson-51536311,,HVAC: Heat Transfer Module #22,HVAC,Heat Transfer,22
71,58-Office-Hours-71-December-18th-2023,07-Lesson-51536312.md,7,Lesson-51536312,,HVAC: HVAC Module #4,HVAC,HVAC,4
71,58-Office-Hours-71-December-18th-2023,08-Lesson-51536313.md,8,Lesson-51536313,,HVAC: Systems And Components Module #29,HVAC,Systems and Components,29
71,58-Office-Hours-71-December-18th-2023,09-Lesson-51536314.md,9,Lesson-51536314,,HVAC: Supporting Topics #21,HVAC,Supporting Topics,21
71,58-Office-Hours-71-December-18th-2023,10-Lesson-51536320.md,10,Lesson-51536320,,HVAC: Full Practice Exam 1 #45,HVAC,Practice Exam 1,1
71,58-Office-Hours-71-December-18th-2023,11-Lesson-51536315.md,11,Lesson-51536315,,HVAC: Full Practice Exam 2 #2,HVAC,Practice Exam 2,2
71,58-Office-Hours-71-December-18th-2023,12-Lesson-51536316.md,12,Lesson-51536316,,HVAC: Full Practice Exam 2 #3,HVAC,Practice Exam 2,2
71,58-Office-Hours-71-December-18th-2023,13-Lesson-51536321.md,13,Lesson-51536321,,HVAC: Full Practice Exam 2 #7,HVAC,Practice Exam 2,2
72,59-Office-Hours-72-January-8th-2024,02-Lesson-52032055.md,2,Lesson-52032055,,HVAC: Psychometrics Module #13,HVAC,Psychrometrics,13
72,59-Office-Hours-72-January-8th-2024,03-Lesson-52032061.md,3,Lesson-52032061,,HVAC: Heat Transfer Module #2,HVAC,Heat Transfer,2
72,59-Office-Hours-72-January-8th-2024,04-Lesson-52032062.md,4,Lesson-52032062,,HVAC: Heat Transfer Module #7,HVAC,Heat Transfer,7
72,59-Office-Hours-72-January-8th-2024,05-Lesson-52032056.md,5,Lesson-52032056,,HVAC: Heat Transfer Module #15,HVAC,Heat Transfer,15
72,59-Office-Hours-72-January-8th-2024,06-Lesson-52032057.md,6,Lesson-52032057,,HVAC: Heat Transfer Module #18,HVAC,Heat Transfer,18
72,59-Office-Hours-72-January-8th-2024,07-Lesson-52032063.md,7,Lesson-52032063,,HVAC: Systems And Components Module #25,HVAC,Systems and Components,25
72,59-Office-Hours-72-January-8th-2024,08-Lesson-52032064.md,8,Lesson-52032064,,HVAC: Full Practice Exam 2 #43,HVAC,Practice Exam 2,2
72,59-Office-Hours-72-January-8th-2024,09-Lesson-52032065.md,9,Lesson-52032065,,HVAC: Full Practice Exam 2 #54,HVAC,Practice Exam 2,2
73,60-Office-Hours-73-January-22nd-2024,00-Lesson-52345694.md,0,Lesson-52345694,,HVAC: Fluids Module #26,HVAC,Fluids,26
73,60-Office-Hours-73-January-22nd-2024,01-Lesson-52345695.md,1,Lesson-52345695,,HVAC: Fluids Module #28,HVAC,Fluids,28
73,60-Office-Hours-73-January-22nd-2024,02-Lesson-52345700.md,2,Lesson-52345700,,HVAC: HVAC Module #4,HVAC,HVAC,4
73,60-Office-Hours-73-January-22nd-2024,03-Lesson-52345696.md,3,Lesson-52345696,,HVAC: HVAC Module #7,HVAC,HVAC,7
73,60-Office-Hours-73-January-22nd-2024,04-Lesson-52345697.md,4,Lesson-52345697,,HVAC: HVAC Module #16,HVAC,HVAC,16
73,60-Office-Hours-73-January-22nd-2024,05-Lesson-52345698.md,5,Lesson-52345698,,HVAC: Systems And Components Module #12,HVAC,Systems and Components,12
73,60-Office-Hours-73-January-22nd-2024,06-Lesson-52345699.md,6,Lesson-52345699,,HVAC: Full Practice Exam 2 #26,HVAC,Practice Exam 2,2
74,61-Office-Hours-74-February-5th-2024,00-Lesson-52733077.md,0,Lesson-52733077,,TFS: Full Practice Exam 1 #66,TFS,Practice Exam 1,1
74,61-Office-Hours-74-February-5th-2024,01-Lesson-52733078.md,1,Lesson-52733078,,HVAC: Fluids Module #15,HVAC,Fluids,15
74,61-Office-Hours-74-February-5th-2024,02-Lesson-52733079.md,2,Lesson-52733079,,HVAC: Fluids Module #26,HVAC,Fluids,26
74,61-Office-Hours-74-February-5th-2024,03-Lesson-52733080.md,3,Lesson-52733080,,HVAC: Psychometrics Module #3,HVAC,Psychrometrics,3
74,61-Office-Hours-74-February-5th-2024,04-Lesson-52733082.md,4,Lesson-52733082,,HVAC: Psychometrics Module #6,HVAC,Psychrometrics,6
74,61-Office-Hours-74-February-5th-2024,05-Lesson-52733083.md,5,Lesson-52733083,,HVAC: Psychometrics Module #9,HVAC,Psychrometrics,9
74,61-Office-Hours-74-February-5th-2024,06-Lesson-52733084.md,6,Lesson-52733084,,HVAC: Full Practice Exam 1 #74,HVAC,Practice Exam 1,1
75,62-Office-Hours-75-February-19th-2024,00-Lesson-53125194.md,0,Lesson-53125194,,TFS: Full Practice Exam 1  #42,TFS,Practice Exam 1,1
75,62-Office-Hours-75-February-19th-2024,01-Lesson-53125195.md,1,Lesson-53125195,,HVAC: Fluids Module #8,HVAC,Fluids,8
75,62-Office-Hours-75-February-19th-2024,02-Lesson-53125196.md,2,Lesson-53125196,,HVAC: Fluids Module #14,HVAC,Fluids,14
75,62-Office-Hours-75-February-19th-2024,03-Lesson-53125197.md,3,Lesson-53125197,,HVAC: Fluids Module #22-1,HVAC,Fluids,22
75,62-Office-Hours-75-February-19th-2024,04-Lesson-53125198.md,4,Lesson-53125198,,HVAC: Fluids Module #22-2,HVAC,Fluids,22
75,62-Office-Hours-75-February-19th-2024,05-Lesson-53125203.md,5,Lesson-53125203,,HVAC: Heat Transfer Module #21,HVAC,Heat Transfer,21
75,62-Office-Hours-75-February-19th-2024,07-Lesson-53125200.md,7,Lesson-53125200,,HVAC: Supporting Topics #26,HVAC,Supporting Topics,26
75,62-Office-Hours-75-February-19th-2024,08-Lesson-53125202.md,8,Lesson-53125202,,TFS: Full Practice Exam 2 #14,TFS,Practice Exam 2,2
75,62-Office-Hours-75-February-19th-2024,09-Lesson-53125204.md,9,Lesson-53125204,,HVAC: Full Practice Exam 2 #21,HVAC,Practice Exam 2,2
76,63-Office-Hours-76-March-4th-2024,00-Lesson-53548015.md,0,Lesson-53548015,,HVAC: Fluids Module #25,HVAC,Fluids,25
76,63-Office-Hours-76-March-4th-2024,01-Lesson-53548016.md,1,Lesson-53548016,,HVAC: Heat Transfer Module #2,HVAC,Heat Transfer,2
76,63-Office-Hours-76-March-4th-2024,02-Lesson-53548017.md,2,Lesson-53548017,,HVAC: Heat Transfer Module #5,HVAC,Heat Transfer,5
76,63-Office-Hours-76-March-4th-2024,03-Lesson-53548018.md,3,Lesson-53548018,,HVAC: Heat Transfer Module #7,HVAC,Heat Transfer,7
77,64-Office-Hours-77-March-18th-2024,00-Lesson-53973201.md,0,Lesson-53973201,,TFS: Thermodynamics #23,TFS,Thermodynamics,23
77,64-Office-Hours-77-March-18th-2024,01-Lesson-53973194.md,1,Lesson-53973194,,HVAC: Thermo Module #7,HVAC,Thermodynamics,7
77,64-Office-Hours-77-March-18th-2024,02-Lesson-53973191.md,2,Lesson-53973191,,HVAC: Thermo Module #12,HVAC,Thermodynamics,12
77,64-Office-Hours-77-March-18th-2024,03-Lesson-53973192.md,3,Lesson-53973192,,HVAC: Fluids #12,HVAC,Fluids,12
77,64-Office-Hours-77-March-18th-2024,04-Lesson-53973195.md,4,Lesson-53973195,,HVAC: Fluids #21,HVAC,Fluids,21
77,64-Office-Hours-77-March-18th-2024,05-Lesson-53973196.md,5,Lesson-53973196,,HVAC: HVAC Module #6,HVAC,HVAC,6
77,64-Office-Hours-77-March-18th-2024,06-Lesson-53973193.md,6,Lesson-53973193,,HVAC: HVAC Module #11,HVAC,HVAC,11
77,64-Office-Hours-77-March-18th-2024,07-Lesson-53973202.md,7,Lesson-53973202,,HVAC: HVAC Module #17,HVAC,HVAC,17
77,64-Office-Hours-77-March-18th-2024,08-Lesson-53973197.md,8,Lesson-53973197,,HVAC: HVAC Module #19,HVAC,HVAC,19
77,64-Office-Hours-77-March-18th-2024,09-Lesson-53973198.md,9,Lesson-53973198,,HVAC: Supporting Topics #19,HVAC,Supporting Topics,19
77,64-Office-Hours-77-March-18th-2024,10-Lesson-53973200.md,10,Lesson-53973200,,HVAC: Full Practice Exam 1 #9,HVAC,Practice Exam 1,1
78,65-Office-Hours-78-April-1st-2024,00-Lesson-54031040.md,0,Lesson-54031040,,HVAC: Thermo Module #9,HVAC,Thermodynamics,9
78,65-Office-Hours-78-April-1st-2024,01-Lesson-54031041.md,1,Lesson-54031041,,HVAC: Thermo Module #21,HVAC,Thermodynamics,21
78,65-Office-Hours-78-April-1st-2024,02-Lesson-54031042.md,2,Lesson-54031042,,HVAC: Full Practice Exam #1 - 22,HVAC,Practice Exam 1,1
79,66-Office-Hours-79-April-15th-2024,00-Lesson-54735870.md,0,Lesson-54735870,,TFS: Energy Power Systems #3,TFS,Systems and Components,3
79,66-Office-Hours-79-April-15th-2024,01-Lesson-54735871.md,1,Lesson-54735871,,HVAC: Thermo Module #11,HVAC,Thermodynamics,11
79,66-Office-Hours-79-April-15th-2024,02-Lesson-54735879.md,2,Lesson-54735879,,HVAC: Fluids Module #9,HVAC,Fluids,9
79,66-Office-Hours-79-April-15th-2024,03-Lesson-54735868.md,3,Lesson-54735868,,HVAC: Fluids Module #14,HVAC,Fluids,14
79,66-Office-Hours-79-April-15th-2024,04-Lesson-54735872.md,4,Lesson-54735872,,HVAC: Systems And Components Module #20,HVAC,Systems and Components,20
79,66-Office-Hours-79-April-15th-2024,05-Lesson-54735880.md,5,Lesson-54735880,,HVAC: Full Practice Exam #1-50,HVAC,Practice Exam 1,1
80,67-Office-Hours-80-May-13th-2024,00-Lesson-55103809.md,0,Lesson-55103809,,TFS: Hydraulic and Fluids #51,TFS,Fluids,51
80,67-Office-Hours-80-May-13th-2024,01-Lesson-55103808.md,1,Lesson-55103808,,TFS: Hydraulic and Fluids #59,TFS,Fluids,59
80,67-Office-Hours-80-May-13th-2024,02-Lesson-55103807.md,2,Lesson-55103807,,HVAC: Fluids #28,HVAC,Fluids,28
80,67-Office-Hours-80-May-13th-2024,03-Lesson-55103806.md,3,Lesson-55103806,,HVAC: Psychrometrics #7,HVAC,Psychrometrics,7
80,67-Office-Hours-80-May-13th-2024,04-Lesson-55103805.md,4,Lesson-55103805,,HVAC: Psychrometrics #8,HVAC,Psychrometrics,8
80,67-Office-Hours-80-May-13th-2024,05-Lesson-55103804.md,5,Lesson-55103804,,HVAC: Psychrometrics #10,HVAC,Psychrometrics,10
80,67-Office-Hours-80-May-13th-2024,06-Lesson-55103803.md,6,Lesson-55103803,,HVAC: Psychrometrics #11,HVAC,Psychrometrics,11
80,67-Office-Hours-80-May-13th-2024,07-Lesson-55103802.md,7,Lesson-55103802,,HVAC: Psychrometrics #14,HVAC,Psychrometrics,14
80,67-Office-Hours-80-May-13th-2024,08-Lesson-55103801.md,8,Lesson-55103801,,HVAC: Psychrometrics #17,HVAC,Psychrometrics,17
80,67-Office-Hours-80-May-13th-2024,09-Lesson-55103817.md,9,Lesson-55103817,,HVAC: Heat Transfer #15,HVAC,Heat Transfer,15
80,67-Office-Hours-80-May-13th-2024,10-Lesson-55103816.md,10,Lesson-55103816,,HVAC: Practice Exam #2-20,HVAC,Practice Exam 2,2
81,68-Office-Hours-81-May-27th-2024,00-Lesson-55741182.md,0,Lesson-55741182,,TFS: Practice Exam #1-24,TFS,Practice Exam 1,1
81,68-Office-Hours-81-May-27th-2024,01-Lesson-55741183.md,1,Lesson-55741183,,TFS: Practice Exam #2-5,TFS,Practice Exam 2,2
81,68-Office-Hours-81-May-27th-2024,02-Lesson-55741184.md,2,Lesson-55741184,,TFS: Practice Exam #2-7,TFS,Practice Exam 2,2
81,68-Office-Hours-81-May-27th-2024,03-Lesson-55741185.md,3,Lesson-55741185,,TFS: Practice Exam #2-17,TFS,Practice Exam 2,2
81,68-Office-Hours-81-May-27th-2024,04-Lesson-55741186.md,4,Lesson-55741186,,HVAC: Psychrometrics #12,HVAC,Psychrometrics,12
82,69-Office-Hours-82-June-10th-2024,00-Lesson-56090533.md,0,Lesson-56090533,,HVAC: Thermo Module #1,HVAC,Thermodynamics,1
82,69-Office-Hours-82-June-10th-2024,01-Lesson-56090534.md,1,Lesson-56090534,,HVAC: Thermo Module #13,HVAC,Thermodynamics,13
82,69-Office-Hours-82-June-10th-2024,02-Lesson-56090536.md,2,Lesson-56090536,,HVAC: Heat Transfer Module #3,HVAC,Heat Transfer,3
82,69-Office-Hours-82-June-10th-2024,03-Lesson-56090537.md,3,Lesson-56090537,,HVAC: Heat Transfer Module #10,HVAC,Heat Transfer,10
82,69-Office-Hours-82-June-10th-2024,04-Lesson-56090531.md,4,Lesson-56090531,,HVAC: Heat Transfer Module #15,HVAC,Heat Transfer,15
82,69-Office-Hours-82-June-10th-2024,05-Lesson-56090532.md,5,Lesson-56090532,,HVAC: Heat Transfer Module #21,HVAC,Heat Transfer,21
83,70-Office-Hours-83-June-24th-2024,00-Lesson-56197721.md,0,Lesson-56197721,,HVAC: Fluids Module #8,HVAC,Fluids,8
83,70-Office-Hours-83-June-24th-2024,01-Lesson-56197732.md,1,Lesson-56197732,,HVAC: Fluids Module #21,HVAC,Fluids,21
85,71-Office-Hours-85-July-22nd-2024,00-Lesson-57351295.md,0,Lesson-57351295,,TFS: Thermo Module #4,TFS,Thermodynamics,4
85,71-Office-Hours-85-July-22nd-2024,01-Lesson-57351296.md,1,Lesson-57351296,,HVAC: Thermo #8,HVAC,Thermodynamics,8
85,71-Office-Hours-85-July-22nd-2024,02-Lesson-57351297.md,2,Lesson-57351297,,HVAC: Heat Transfer Module #6,HVAC,Heat Transfer,6
85,71-Office-Hours-85-July-22nd-2024,03-Lesson-57351298.md,3,Lesson-57351298,,TFS: Heat Transfer Module #10,TFS,Heat Transfer,10
85,71-Office-Hours-85-July-22nd-2024,04-Lesson-57351299.md,4,Lesson-57351299,,TFS: Heat Transfer Module #20,TFS,Heat Transfer,20
86,72-Office-Hours-86-August-5th-2024,00-Lesson-57653726.md,0,Lesson-57653726,,HVAC: Fluids Module #3,HVAC,Fluids,3
86,72-Office-Hours-86-August-5th-2024,01-Lesson-57653727.md,1,Lesson-57653727,,HVAC: Heat Transfer #10,HVAC,Heat Transfer,10
86,72-Office-Hours-86-August-5th-2024,02-Lesson-57653728.md,2,Lesson-57653728,,HVAC: HVAC Module #17,HVAC,HVAC,17
86,72-Office-Hours-86-August-5th-2024,03-Lesson-57653729.md,3,Lesson-57653729,,HVAC: Systems And Components #10,HVAC,Systems and Components,10
87,73-Office-Hours-87-September-2nd-2024,00-Lesson-58386245.md,0,Lesson-58386245,,HVAC: Thermo Module #3,HVAC,Thermodynamics,3
87,73-Office-Hours-87-September-2nd-2024,01-Lesson-58386243.md,1,Lesson-58386243,,HVAC: Fluids Module #14,HVAC,Fluids,14
87,73-Office-Hours-87-September-2nd-2024,02-Lesson-58386246.md,2,Lesson-58386246,,HVAC: Fluids Module #26,HVAC,Fluids,26
87,73-Office-Hours-87-September-2nd-2024,03-Lesson-58386247.md,3,Lesson-58386247,,HVAC: Psychrometrics #11,HVAC,Psychrometrics,11
87,73-Office-Hours-87-September-2nd-2024,04-Lesson-58386248.md,4,Lesson-58386248,,HVAC: Heat Transfer Module #21,HVAC,Heat Transfer,21
87,73-Office-Hours-87-September-2nd-2024,05-Lesson-58386251.md,5,Lesson-58386251,,HVAC: Full Practice Exam #1-68,HVAC,Practice Exam 1,1
87,73-Office-Hours-87-September-2nd-2024,06-Lesson-58386249.md,6,Lesson-58386249,,HVAC: Full Practice Exam #1-77,HVAC,Practice Exam 1,1
88,74-Office-Hours-88-September-17th-2024,00-Lesson-58779603.md,0,Lesson-58779603,,TFS: Hydraulic And Fluid Applications #29,TFS,Fluids,29
88,74-Office-Hours-88-September-17th-2024,01-Lesson-58779604.md,1,Lesson-58779604,,HVAC: Thermo Module #13,HVAC,Thermodynamics,13
88,74-Office-Hours-88-September-17th-2024,02-Lesson-58779605.md,2,Lesson-58779605,,HVAC: Thermo Module #15,HVAC,Thermodynamics,15
88,74-Office-Hours-88-September-17th-2024,03-Lesson-58779606.md,3,Lesson-58779606,,HVAC: Full Practice Exam #64,HVAC,Practice Exam 1,64
88,74-Office-Hours-88-September-17th-2024,04-Lesson-58779607.md,4,Lesson-58779607,,HVAC: Full Practice Exam #2-26,HVAC,Practice Exam 2,2
89,75-Office-Hours-89-October-14th-2024,00-Lesson-59321862.md,0,Lesson-59321862,,HVAC: Thermo Module #9,HVAC,Thermodynamics,9
89,75-Office-Hours-89-October-14th-2024,01-Lesson-59321863.md,1,Lesson-59321863,,HVAC: Thermo Module #11,HVAC,Thermodynamics,11
89,75-Office-Hours-89-October-14th-2024,02-Lesson-59321857.md,2,Lesson-59321857,,HVAC: Fluids Module #8,HVAC,Fluids,8
89,75-Office-Hours-89-October-14th-2024,03-Lesson-59321864.md,3,Lesson-59321864,,HVAC: HVAC Module #4,HVAC,HVAC,4
89,75-Office-Hours-89-October-14th-2024,04-Lesson-59321865.md,4,Lesson-59321865,,HVAC: Systems And Components #3,HVAC,Systems and Components,3
89,75-Office-Hours-89-October-14th-2024,05-Lesson-59321866.md,5,Lesson-59321866,,HVAC: Systems And Components #9,HVAC,Systems and Components,9
89,75-Office-Hours-89-October-14th-2024,06-Lesson-59321858.md,6,Lesson-59321858,,HVAC: Supporting Topics #12,HVAC,Supporting Topics,12
89,75-Office-Hours-89-October-14th-2024,07-Lesson-59321859.md,7,Lesson-59321859,,HVAC: Supporting Topics #24,HVAC,Supporting Topics,24
90,76-Office-Hours-90-October-28th-2024,01-Lesson-59828665.md,1,Lesson-59828665,,TFS: Thermodynamics #10,TFS,Thermodynamics,10
90,76-Office-Hours-90-October-28th-2024,02-Lesson-59828660.md,2,Lesson-59828660,,TFS: Heat Transfer #15,TFS,Heat Transfer,15
90,76-Office-Hours-90-October-28th-2024,03-Lesson-59828666.md,3,Lesson-59828666,,HVAC: HVAC Module #17,HVAC,HVAC,17
91,77-Office-Hours-91-November-11th-2024,00-Lesson-59955551.md,0,Lesson-59955551,,TFS: Thermodynamics #16,TFS,Thermodynamics,16
91,77-Office-Hours-91-November-11th-2024,01-Lesson-59955561.md,1,Lesson-59955561,,TFS: Thermodynamics #21,TFS,Thermodynamics,21
91,77-Office-Hours-91-November-11th-2024,02-Lesson-59955577.md,2,Lesson-59955577,,TFS: Thermodynamics #24,TFS,Thermodynamics,24
92,78-Office-Hours-92-November-25th-2024,00-Lesson-60623463.md,0,Lesson-60623463,,HVAC: Thermo Module #2,HVAC,Thermodynamics,2
92,78-Office-Hours-92-November-25th-2024,01-Lesson-60623464.md,1,Lesson-60623464,,HVAC: Thermo Module #7,HVAC,Thermodynamics,7
92,78-Office-Hours-92-November-25th-2024,02-Lesson-60623470.md,2,Lesson-60623470,,HVAC: Thermo Module #8,HVAC,Thermodynamics,8
92,78-Office-Hours-92-November-25th-2024,03-Lesson-60623461.md,3,Lesson-60623461,,HVAC: Thermo Module #9,HVAC,Thermodynamics,9
92,78-Office-Hours-92-November-25th-2024,04-Lesson-60623471.md,4,Lesson-60623471,,HVAC: Thermo Module #19,HVAC,Thermodynamics,19
92,78-Office-Hours-92-November-25th-2024,05-Lesson-60623472.md,5,Lesson-60623472,,HVAC: Fluids Module #8,HVAC,Fluids,8
92,78-Office-Hours-92-November-25th-2024,06-Lesson-60623465.md,6,Lesson-60623465,,HVAC: Fluids Module #22,HVAC,Fluids,22
94,79-Office-Hours-94-December-23rd-2024,00-Lesson-61282564.md,0,Lesson-61282564,,HVAC: Thermo Module #1,HVAC,Thermodynamics,1
94,79-Office-Hours-94-December-23rd-2024,01-Lesson-61282479.md,1,Lesson-61282479,,HVAC: Thermo Module #3,HVAC,Thermodynamics,3
94,79-Office-Hours-94-December-23rd-2024,02-Lesson-61282480.md,2,Lesson-61282480,,HVAC: Thermo Module #12,HVAC,Thermodynamics,12
94,79-Office-Hours-94-December-23rd-2024,03-Lesson-61282481.md,3,Lesson-61282481,,HVAC: Thermo Module #21,HVAC,Thermodynamics,21
94,79-Office-Hours-94-December-23rd-2024,04-Lesson-61282482.md,4,Lesson-61282482,,HVAC: Supporting Topics #7,HVAC,Supporting Topics,7
95,80-Office-Hours-95-January-6th-2025,00-Lesson-61696162.md,0,Lesson-61696162,,TFS: Hydraulic And Fluids Applications #19,TFS,Fluids,19
95,80-Office-Hours-95-January-6th-2025,01-Lesson-61696163.md,1,Lesson-61696163,,HVAC: Thermo Module #23,HVAC,Thermodynamics,23
95,80-Office-Hours-95-January-6th-2025,02-Lesson-61696164.md,2,Lesson-61696164,,HVAC: Fluids Module #1,HVAC,Fluids,1
95,80-Office-Hours-95-January-6th-2025,03-Lesson-61696165.md,3,Lesson-61696165,,HVAC: Fluids Module #6,HVAC,Fluids,6
95,80-Office-Hours-95-January-6th-2025,04-Lesson-61696166.md,4,Lesson-61696166,,HVAC: Heat Transfer Module #15,HVAC,Heat Transfer,15
95,80-Office-Hours-95-January-6th-2025,05-Lesson-61696160.md,5,Lesson-61696160,,HVAC: Heat Transfer Module #19,HVAC,Heat Transfer,19
95,80-Office-Hours-95-January-6th-2025,06-Lesson-61696167.md,6,Lesson-61696167,,HVAC: HVAC Module #3,HVAC,HVAC,3
96,81-Office-Hours-96-January-22nd-2025,00-Lesson-62286829.md,0,Lesson-62286829,,TFS: Heat Transfer #20,TFS,Heat Transfer,20
96,81-Office-Hours-96-January-22nd-2025,01-Lesson-62286840.md,1,Lesson-62286840,,TFS: Energy And Power Systems #11,TFS,Systems and Components,11
96,81-Office-Hours-96-January-22nd-2025,02-Lesson-62286830.md,2,Lesson-62286830,,TFS: Hydraulic And Fluids Applications #59,TFS,Fluids,59
96,81-Office-Hours-96-January-22nd-2025,03-Lesson-62286842.md,3,Lesson-62286842,,HVAC: Thermo Module #4,HVAC,Thermodynamics,4
96,81-Office-Hours-96-January-22nd-2025,04-Lesson-62286831.md,4,Lesson-62286831,,HVAC: Fluids Module #9,HVAC,Fluids,9
96,81-Office-Hours-96-January-22nd-2025,05-Lesson-62286827.md,5,Lesson-62286827,,HVAC: Fluids Module #21,HVAC,Fluids,21
96,81-Office-Hours-96-January-22nd-2025,06-Lesson-62286832.md,6,Lesson-62286832,,HVAC: Fluids Module #22,HVAC,Fluids,22
96,81-Office-Hours-96-January-22nd-2025,07-Lesson-62286843.md,7,Lesson-62286843,,HVAC: Fluids Module #24,HVAC,Fluids,24
96,81-Office-Hours-96-January-22nd-2025,08-Lesson-62286828.md,8,Lesson-62286828,,HVAC: Fluids Module #26,HVAC,Fluids,26
96,81-Office-Hours-96-January-22nd-2025,09-Lesson-62286844.md,9,Lesson-62286844,,HVAC: Fluids Module #28,HVAC,Fluids,28
96,81-Office-Hours-96-January-22nd-2025,10-Lesson-62286845.md,10,Lesson-62286845,,HVAC: Psychrometrics Module #2,HVAC,Psychrometrics,2
96,81-Office-Hours-96-January-22nd-2025,11-Lesson-62286846.md,11,Lesson-62286846,,HVAC: Heat Transfer #15,HVAC,Heat Transfer,15
96,81-Office-Hours-96-January-22nd-2025,12-Lesson-62286833.md,12,Lesson-62286833,,HVAC: Systems And Components Module #20,HVAC,Systems and Components,20
96,81-Office-Hours-96-January-22nd-2025,13-Lesson-62286848.md,13,Lesson-62286848,,HVAC: Systems And Components Module #21,HVAC,Systems and Components,21
96,81-Office-Hours-96-January-22nd-2025,14-Lesson-62286834.md,14,Lesson-62286834,,HVAC: Systems And Components Module #22,HVAC,Systems and Components,22
96,81-Office-Hours-96-January-22nd-2025,15-Lesson-62286835.md,15,Lesson-62286835,,HVAC: Systems And Components Module #28,HVAC,Systems and Components,28
96,81-Office-Hours-96-January-22nd-2025,16-Lesson-62286836.md,16,Lesson-62286836,,HVAC: Supporting Topics #12,HVAC,Supporting Topics,12
96,81-Office-Hours-96-January-22nd-2025,17-Lesson-62286849.md,17,Lesson-62286849,,HVAC: Supporting Topics #14,HVAC,Supporting Topics,14
96,81-Office-Hours-96-January-22nd-2025,18-Lesson-62286837.md,18,Lesson-62286837,,HVAC: Full Practice Exam #1-13,HVAC,Practice Exam 1,1
96,81-Office-Hours-96-January-22nd-2025,19-Lesson-62286850.md,19,Lesson-62286850,,HVAC: Full Practice Exam #1-23,HVAC,Practice Exam 1,1
97,82-Office-Hours-97-February-3rd-2025,00-Lesson-62413708.md,0,Lesson-62413708,,TFS: Energy And Power Systems #18,TFS,Systems and Components,18
97,82-Office-Hours-97-February-3rd-2025,01-Lesson-62413710.md,1,Lesson-62413710,,TFS: Supporting Topics #6,TFS,Supporting Topics,6
97,82-Office-Hours-97-February-3rd-2025,02-Lesson-62413719.md,2,Lesson-62413719,,HVAC: Heat Transfer Module #19,HVAC,Heat Transfer,19
97,82-Office-Hours-97-February-3rd-2025,03-Lesson-62413711.md,3,Lesson-62413711,,HVAC: Heat Transfer Module #20,HVAC,Heat Transfer,20
97,82-Office-Hours-97-February-3rd-2025,04-Lesson-62413712.md,4,Lesson-62413712,,HVAC: HVAC Module #13,HVAC,HVAC,13
97,82-Office-Hours-97-February-3rd-2025,05-Lesson-62413713.md,5,Lesson-62413713,,HVAC: HVAC Module #15,HVAC,HVAC,15
97,82-Office-Hours-97-February-3rd-2025,06-Lesson-62413720.md,6,Lesson-62413720,,HVAC: HVAC Module #19,HVAC,HVAC,19
97,82-Office-Hours-97-February-3rd-2025,07-Lesson-62413714.md,7,Lesson-62413714,,HVAC: Systems And Components Module #25,HVAC,Systems and Components,25
98,83-Office-Hours-98-February-17th-2025,00-Lesson-62881647.md,0,Lesson-62881647,,TFS: Practice Exam #1-79,TFS,Practice Exam 1,1
98,83-Office-Hours-98-February-17th-2025,01-Lesson-62881648.md,1,Lesson-62881648,,HVAC: Psychrometrics Module #5,HVAC,Psychrometrics,5
98,83-Office-Hours-98-February-17th-2025,02-Lesson-62881650.md,2,Lesson-62881650,,HVAC: HVAC Module #13,HVAC,HVAC,13
98,83-Office-Hours-98-February-17th-2025,03-Lesson-62881651.md,3,Lesson-62881651,,HVAC: HVAC Module #21,HVAC,HVAC,21
98,83-Office-Hours-98-February-17th-2025,04-Lesson-62881652.md,4,Lesson-62881652,,HVAC: Systems And Components Module #4,HVAC,Systems and Components,4
98,83-Office-Hours-98-February-17th-2025,05-Lesson-62881653.md,5,Lesson-62881653,,HVAC: Systems And Components Module #11,HVAC,Systems and Components,11
98,83-Office-Hours-98-February-17th-2025,06-Lesson-62881654.md,6,Lesson-62881654,,HVAC: Systems And Components Module #28,HVAC,Systems and Components,28
98,83-Office-Hours-98-February-17th-2025,07-Lesson-62881655.md,7,Lesson-62881655,,HVAC: Supporting Topics #14,HVAC,Supporting Topics,14
98,83-Office-Hours-98-February-17th-2025,08-Lesson-62881656.md,8,Lesson-62881656,,HVAC: Supporting Topics #15,HVAC,Supporting Topics,15
98,83-Office-Hours-98-February-17th-2025,09-Lesson-62881657.md,9,Lesson-62881657,,HVAC: Full Practice Exam #18,HVAC,Practice Exam 1,18
98,83-Office-Hours-98-February-17th-2025,10-Lesson-62881660.md,10,Lesson-62881660,,HVAC: Full Practice Exam #52,HVAC,Practice Exam 2,52
98,83-Office-Hours-98-February-17th-2025,11-Lesson-62881658.md,11,Lesson-62881658,,HVAC: Full Practice Exam #20,HVAC,Practice Exam 2,20
99,84-Office-Hours-99-March-3rd-2025,00-Lesson-63254300.md,0,Lesson-63254300,,HVAC: HVAC Module #6,HVAC,HVAC,6
99,84-Office-Hours-99-March-3rd-2025,01-Lesson-63254301.md,1,Lesson-63254301,,HVAC: Supporting Topics #26,HVAC,Supporting Topics,26
99,84-Office-Hours-99-March-3rd-2025,02-Lesson-63254302.md,2,Lesson-63254302,,HVAC: Full Practice Exam #44,HVAC,Practice Exam 1,44
99,84-Office-Hours-99-March-3rd-2025,03-Lesson-63254292.md,3,Lesson-63254292,,HVAC: Full Practice Exam #74,HVAC,Practice Exam 1,74
99,84-Office-Hours-99-March-3rd-2025,04-Lesson-63254293.md,4,Lesson-63254293,,HVAC: Practice Exam #1 - 58,HVAC,Practice Exam 1,1
100,85-Office-Hours-100-March-17th-2025,00-Lesson-63667183.md,0,Lesson-63667183,,HVAC: HVAC Module #17,HVAC,HVAC,17
100,85-Office-Hours-100-March-17th-2025,01-Lesson-63667190.md,1,Lesson-63667190,,HVAC: Systems And Components Module #21,HVAC,Systems and Components,21
100,85-Office-Hours-100-March-17th-2025,02-Lesson-63667184.md,2,Lesson-63667184,,HVAC: Practice Exam #2-19,HVAC,Practice Exam 2,2
100,85-Office-Hours-100-March-17th-2025,03-Lesson-63667185.md,3,Lesson-63667185,,HVAC: Practice Exam #2-67,HVAC,Practice Exam 2,2
101,86-Office-Hours-101-March-31st-2025,00-Lesson-64020496.md,0,Lesson-64020496,,TFS: Heat Transfer #17,TFS,Heat Transfer,17
101,86-Office-Hours-101-March-31st-2025,01-Lesson-64020497.md,1,Lesson-64020497,,HVAC: Thermo Module #8,HVAC,Thermodynamics,8
101,86-Office-Hours-101-March-31st-2025,02-Lesson-64020499.md,2,Lesson-64020499,,HVAC: HVAC Module #14,HVAC,HVAC,14
101,86-Office-Hours-101-March-31st-2025,03-Lesson-64020498.md,3,Lesson-64020498,,HVAC: Fluids Module #14,HVAC,Fluids,14
101,86-Office-Hours-101-March-31st-2025,04-Lesson-64020490.md,4,Lesson-64020490,,HVAC: HVAC Module #17,HVAC,HVAC,17
102,87-Office-Hours-102-May-13th-2025,00-Lesson-65284242.md,0,Lesson-65284242,,HVAC: Heat Transfer Module #8,HVAC,Heat Transfer,8
102,87-Office-Hours-102-May-13th-2025,01-Lesson-65284243.md,1,Lesson-65284243,,HVAC: Full Practice Exam #7,HVAC,Practice Exam 2,7
102,87-Office-Hours-102-May-13th-2025,02-Lesson-65284244.md,2,Lesson-65284244,,HVAC: Full Practice Exam #22,HVAC,Practice Exam 2,22
102,87-Office-Hours-102-May-13th-2025,03-Lesson-65284250.md,3,Lesson-65284250,,HVAC: Full Practice Exam #25,HVAC,Practice Exam 2,25
102,87-Office-Hours-102-May-13th-2025,04-Lesson-65284251.md,4,Lesson-65284251,,HVAC: Full Practice Exam #26,HVAC,Practice Exam 2,26
102,87-Office-Hours-102-May-13th-2025,05-Lesson-65284245.md,5,Lesson-65284245,,HVAC: Full Practice Exam #39,HVAC,Practice Exam 2,39
102,87-Office-Hours-102-May-13th-2025,06-Lesson-65284246.md,6,Lesson-65284246,,HVAC: Full Practice Exam #44,HVAC,Practice Exam 2,44
102,87-Office-Hours-102-May-13th-2025,07-Lesson-65284252.md,7,Lesson-65284252,,HVAC: Full Practice Exam #67,HVAC,Practice Exam 2,67
102,87-Office-Hours-102-May-13th-2025,08-Lesson-65284254.md,8,Lesson-65284254,,HVAC: Full Practice Exam #78,HVAC,Practice Exam 2,78
103,88-Office-Hours-103-May-26th-2025,00-Lesson-65520493.md,0,Lesson-65520493,,TFS: Hydraulic And Fluids Applications #25,TFS,Fluids,25
103,88-Office-Hours-103-May-26th-2025,01-Lesson-65520494.md,1,Lesson-65520494,,TFS: Supporting Topics #13,TFS,Supporting Topics,13
103,88-Office-Hours-103-May-26th-2025,02-Lesson-65520499.md,2,Lesson-65520499,,HVAC: Fluids Module #1,HVAC,Fluids,1
103,88-Office-Hours-103-May-26th-2025,03-Lesson-65520500.md,3,Lesson-65520500,,HVAC: Fluids Module #3-A,HVAC,Fluids,3
103,88-Office-Hours-103-May-26th-2025,04-Lesson-65520495.md,4,Lesson-65520495,,HVAC: Fluids Module #3-B,HVAC,Fluids,3
103,88-Office-Hours-103-May-26th-2025,05-Lesson-65520496.md,5,Lesson-65520496,,HVAC: Fluids Module #12,HVAC,Fluids,12
103,88-Office-Hours-103-May-26th-2025,06-Lesson-65520501.md,6,Lesson-65520501,,HVAC: Fluids Module #19,HVAC,Fluids,19
103,88-Office-Hours-103-May-26th-2025,07-Lesson-65520497.md,7,Lesson-65520497,,HVAC: Fluids Module #22,HVAC,Fluids,22
103,88-Office-Hours-103-May-26th-2025,08-Lesson-65520498.md,8,Lesson-65520498,,HVAC: Fluids Module #6,HVAC,Fluids,6
104,89-Office-Hours-104-June-9th-2025,00-Lesson-66033996.md,0,Lesson-66033996,,HVAC: Fluids Module #25,HVAC,Fluids,25
104,89-Office-Hours-104-June-9th-2025,01-Lesson-66033994.md,1,Lesson-66033994,,HVAC: Psychrometrics Module #9,HVAC,Psychrometrics,9
104,89-Office-Hours-104-June-9th-2025,02-Lesson-66033997.md,2,Lesson-66033997,,HVAC: Psychrometrics Module #13,HVAC,Psychrometrics,13
104,89-Office-Hours-104-June-9th-2025,03-Lesson-66033998.md,3,Lesson-66033998,,HVAC: Heat Transfer Module #4,HVAC,Heat Transfer,4
104,89-Office-Hours-104-June-9th-2025,04-Lesson-66033999.md,4,Lesson-66033999,,HVAC: Heat Transfer Module #10,HVAC,Heat Transfer,10
104,89-Office-Hours-104-June-9th-2025,05-Lesson-66033995.md,5,Lesson-66033995,,HVAC: Heat Transfer Module #16,HVAC,Heat Transfer,16
105,90-Office-Hours-105-June-23th-2025,00-Lesson-66494042.md,0,Lesson-66494042,,HVAC: Heat Transfer Module #19,HVAC,Heat Transfer,19
105,90-Office-Hours-105-June-23th-2025,01-Lesson-66494046.md,1,Lesson-66494046,,HVAC: HVAC Module #3,HVAC,HVAC,3
105,90-Office-Hours-105-June-23th-2025,02-Lesson-66494044.md,2,Lesson-66494044,,HVAC: HVAC Module #4,HVAC,HVAC,4
105,90-Office-Hours-105-June-23th-2025,03-Lesson-66494047.md,3,Lesson-66494047,,HVAC: HVAC Module #15,HVAC,HVAC,15
105,90-Office-Hours-105-June-23th-2025,04-Lesson-66494048.md,4,Lesson-66494048,,HVAC: Systems And Components Module #4,HVAC,Systems and Components,4
105,90-Office-Hours-105-June-23th-2025,05-Lesson-66494041.md,5,Lesson-66494041,,HVAC: Systems And Components Module #6,HVAC,Systems and Components,6
105,90-Office-Hours-105-June-23th-2025,06-Lesson-66494043.md,6,Lesson-66494043,,HVAC: Systems And Components Module #13,HVAC,Systems and Components,13
105,90-Office-Hours-105-June-23th-2025,07-Lesson-66494049.md,7,Lesson-66494049,,HVAC: Systems And Components Module #14,HVAC,Systems and Components,14
105,90-Office-Hours-105-June-23th-2025,08-Lesson-66494050.md,8,Lesson-66494050,,HVAC: Supporting Topics #26,HVAC,Supporting Topics,26
106,91-Office-Hours-106-July-7th-2025,00-Lesson-66900145.md,0,Lesson-66900145,,TFS: Thermodynamics #7,TFS,Thermodynamics,7
106,91-Office-Hours-106-July-7th-2025,01-Lesson-66900148.md,1,Lesson-66900148,,HVAC: Thermo Module #9,HVAC,Thermodynamics,9
106,91-Office-Hours-106-July-7th-2025,02-Lesson-66900150.md,2,Lesson-66900150,,HVAC: Thermo Module #14,HVAC,Thermodynamics,14
106,91-Office-Hours-106-July-7th-2025,03-Lesson-66900147.md,3,Lesson-66900147,,HVAC: Thermo Module #15,HVAC,Thermodynamics,15
106,91-Office-Hours-106-July-7th-2025,04-Lesson-66900153.md,4,Lesson-66900153,,HVAC: Fluids Module #1,HVAC,Fluids,1
106,91-Office-Hours-106-July-7th-2025,05-Lesson-66900146.md,5,Lesson-66900146,,HVAC: Fluids Module #14,HVAC,Fluids,14
106,91-Office-Hours-106-July-7th-2025,06-Lesson-66900154.md,6,Lesson-66900154,,HVAC: Heat Transfer Module #19,HVAC,Heat Transfer,19
106,91-Office-Hours-106-July-7th-2025,07-Lesson-66900152.md,7,Lesson-66900152,,HVAC: Systems And Components #21,HVAC,Systems and Components,21
106,91-Office-Hours-106-July-7th-2025,08-Lesson-66900149.md,8,Lesson-66900149,,HVAC: Systems And Components #25,HVAC,Systems and Components,25
106,91-Office-Hours-106-July-7th-2025,09-Lesson-66900151.md,9,Lesson-66900151,,HVAC: Systems And Components #28,HVAC,Systems and Components,28
107,92-Office-Hours-107-July-21st-2025,00-Lesson-67325941.md,0,Lesson-67325941,,TFS: Thermodynamics #2,TFS,Thermodynamics,2
107,92-Office-Hours-107-July-21st-2025,01-Lesson-67325946.md,1,Lesson-67325946,,TFS: Thermodynamics #7,TFS,Thermodynamics,7
107,92-Office-Hours-107-July-21st-2025,02-Lesson-67325940.md,2,Lesson-67325940,,TFS: Heat Transfer #8,TFS,Heat Transfer,8
107,92-Office-Hours-107-July-21st-2025,03-Lesson-67325939.md,3,Lesson-67325939,,TFS: Heat Transfer #2,TFS,Heat Transfer,2
107,92-Office-Hours-107-July-21st-2025,06-Lesson-67325942.md,6,Lesson-67325942,,HVAC: Supporting Topics #19,HVAC,Supporting Topics,19
107,92-Office-Hours-107-July-21st-2025,07-Lesson-67325943.md,7,Lesson-67325943,,HVAC: Full Practice Exam #2-26,HVAC,Practice Exam 2,2
107,92-Office-Hours-107-July-21st-2025,08-Lesson-67325945.md,8,Lesson-67325945,,HVAC: Full Practice Exam #2-31,HVAC,Practice Exam 2,2
107,92-Office-Hours-107-July-21st-2025,09-Lesson-67325944.md,9,Lesson-67325944,,HVAC: Full Practice Exam #2-73,HVAC,Practice Exam 2,2
108,93-Office-Hours-108-September-1st-2025,00-Lesson-68463442.md,0,Lesson-68463442,,TFS: Heat Transfer #7,TFS,Heat Transfer,7
108,93-Office-Hours-108-September-1st-2025,01-Lesson-68463450.md,1,Lesson-68463450,,TFS: Energy And Power Systems #21,TFS,Systems and Components,21
108,93-Office-Hours-108-September-1st-2025,02-Lesson-68463444.md,2,Lesson-68463444,,TFS: Practice Exam #1-8,TFS,Practice Exam 1,1
108,93-Office-Hours-108-September-1st-2025,03-Lesson-68463445.md,3,Lesson-68463445,,HVAC: Thermo Module #2,HVAC,Thermodynamics,2
108,93-Office-Hours-108-September-1st-2025,04-Lesson-68463446.md,4,Lesson-68463446,,HVAC: Thermo Module #5,HVAC,Thermodynamics,5
109,94-Office-Hours-109-November-10th-2025,00-Lesson-70388993.md,0,Lesson-70388993,,HVAC: Psychometrics Module #4,HVAC,Psychrometrics,4
109,94-Office-Hours-109-November-10th-2025,01-Lesson-70388997.md,1,Lesson-70388997,,HVAC: HVAC Module #4,HVAC,HVAC,4
109,94-Office-Hours-109-November-10th-2025,02-Lesson-70388994.md,2,Lesson-70388994,,HVAC: Systems And Components Module #16,HVAC,Systems and Components,16
109,94-Office-Hours-109-November-10th-2025,03-Lesson-70388995.md,3,Lesson-70388995,,HVAC: Systems And Components Module #18,HVAC,Systems and Components,18
109,94-Office-Hours-109-November-10th-2025,04-Lesson-70388996.md,4,Lesson-70388996,,HVAC: Systems And Components Module #21,HVAC,Systems and Components,21
109,94-Office-Hours-109-November-10th-2025,05-Lesson-70388992.md,5,Lesson-70388992,,HVAC: Full Practice Exam #2 - 31,HVAC,Practice Exam 2,2
111,96-Office-Hours-111-January-5th-2026,00-Lesson-71909996.md,0,Lesson-71909996,,HVAC: Thermo Module #12,HVAC,Thermodynamics,12
111,96-Office-Hours-111-January-5th-2026,01-Lesson-71909995.md,1,Lesson-71909995,,HVAC: Fluids Module #9,HVAC,Fluids,9
111,96-Office-Hours-111-January-5th-2026,02-Lesson-71909997.md,2,Lesson-71909997,,HVAC: Fluids Module #14,HVAC,Fluids,14
111,96-Office-Hours-111-January-5th-2026,03-Lesson-71909998.md,3,Lesson-71909998,,HVAC: Fluids Module #21,HVAC,Fluids,21
111,96-Office-Hours-111-January-5th-2026,04-Lesson-71910001.md,4,Lesson-71910001,,HVAC: Fluids Module #25,HVAC,Fluids,25
111,96-Office-Hours-111-January-5th-2026,05-Lesson-71909999.md,5,Lesson-71909999,,HVAC: Systems And Components Module #11,HVAC,Systems and Components,11
111,96-Office-Hours-111-January-5th-2026,06-Lesson-71910000.md,6,Lesson-71910000,,HVAC: Full Practice Exam #55,HVAC,Practice Exam 1,55
112,97-Office-Hours-112-January-19th-2026,00-Lesson-72215825.md,0,Lesson-72215825,,TFS: Thermodynamics #16,TFS,Thermodynamics,16
112,97-Office-Hours-112-January-19th-2026,01-Lesson-72215826.md,1,Lesson-72215826,,TFS: Thermodynamics #10,TFS,Thermodynamics,10
112,97-Office-Hours-112-January-19th-2026,02-Lesson-72215830.md,2,Lesson-72215830,,TFS: Hydraulic And Fluids #13,TFS,Fluids,13
112,97-Office-Hours-112-January-19th-2026,03-Lesson-72215827.md,3,Lesson-72215827,,HVAC: Psychrometrics #4,HVAC,Psychrometrics,4
112,97-Office-Hours-112-January-19th-2026,04-Lesson-72215831.md,4,Lesson-72215831,,HVAC: Heat Transfer Module #19,HVAC,Heat Transfer,19
112,97-Office-Hours-112-January-19th-2026,05-Lesson-72215833.md,5,Lesson-72215833,,HVAC: Full Practice Exam #15,HVAC,Practice Exam 1,15
112,97-Office-Hours-112-January-19th-2026,06-Lesson-72215832.md,6,Lesson-72215832,,HVAC: Full Practice Exam #42,HVAC,Practice Exam 1,42
112,97-Office-Hours-112-January-19th-2026,07-Lesson-72215828.md,7,Lesson-72215828,,HVAC: Full Practice Exam #49,HVAC,Practice Exam 1,49
112,97-Office-Hours-112-January-19th-2026,08-Lesson-72215829.md,8,Lesson-72215829,,HVAC: Full Practice Exam #24,HVAC,Practice Exam 2,24
113,98-Office-Hours-113-February-2nd-2026,00-Lesson-72640913.md,0,Lesson-72640913,,TFS: Thermodynamics #17,TFS,Thermodynamics,17
113,98-Office-Hours-113-February-2nd-2026,01-Lesson-72640914.md,1,Lesson-72640914,,HVAC: Full Practice Exam #73,HVAC,Practice Exam 2,73
113,98-Office-Hours-113-February-2nd-2026,02-Lesson-72640908.md,2,Lesson-72640908,,TFS: Thermodynamics #30,TFS,Thermodynamics,30
113,98-Office-Hours-113-February-2nd-2026,03-Lesson-72640909.md,3,Lesson-72640909,,HVAC: Fluids Module #3 & 4,HVAC,Fluids,3
113,98-Office-Hours-113-February-2nd-2026,04-Lesson-72640910.md,4,Lesson-72640910,,HVAC: HVAC Module #7,HVAC,HVAC,7
113,98-Office-Hours-113-February-2nd-2026,05-Lesson-72640911.md,5,Lesson-72640911,,HVAC: Full Practice Exam #34,HVAC,Practice Exam 1,34
113,98-Office-Hours-113-February-2nd-2026,06-Lesson-72640915.md,6,Lesson-72640915,,HVAC: Full Practice Exam #2 - 2 & 4,HVAC,Practice Exam 2,2
113,98-Office-Hours-113-February-2nd-2026,07-Lesson-72640916.md,7,Lesson-72640916,,HVAC: Full Practice Exam #2 - 49,HVAC,Practice Exam 2,2
114,99-Office-Hours-114-February-16th-2026,00-Lesson-72854805.md,0,Lesson-72854805,,TFS: Heat Transfer #26,TFS,Heat Transfer,26
114,99-Office-Hours-114-February-16th-2026,01-Lesson-72855050.md,1,Lesson-72855050,,TFS: Fluids #1,TFS,Fluids,1
114,99-Office-Hours-114-February-16th-2026,02-Lesson-72855074.md,2,Lesson-72855074,,TFS: Fluids #5,TFS,Fluids,5
114,99-Office-Hours-114-February-16th-2026,03-Lesson-72855768.md,3,Lesson-72855768,,HVAC: Systems and Components #26,HVAC,Systems and Components,26
114,99-Office-Hours-114-February-16th-2026,04-Lesson-72855479.md,4,Lesson-72855479,,HVAC: Supporting Topics #8,HVAC,Supporting Topics,8
114,99-Office-Hours-114-February-16th-2026,05-Lesson-72855311.md,5,Lesson-72855311,,HVAC: Supporting Topics #26,HVAC,Supporting Topics,26
114,99-Office-Hours-114-February-16th-2026,06-Lesson-72855876.md,6,Lesson-72855876,,HVAC: Full Practice Exam 2 #11,HVAC,Practice Exam 2,2
114,99-Office-Hours-114-February-16th-2026,07-Lesson-72856056.md,7,Lesson-72856056,,HVAC: Full Practice Exam 2 #26,HVAC,Practice Exam 2,2
114,99-Office-Hours-114-February-16th-2026,08-Lesson-72856112.md,8,Lesson-72856112,,HVAC: Full Practice Exam 2 #28,HVAC,Practice Exam 2,2
